study,scenario_key,regime,method,theta,validation_tpr,validation_tnr,target_tpr,target_tnr,target_size_m,validation_total_N,n_pass,n_fail,rho_target,rho_actual,sensitivity_decline,specificity_decline,replications,coverage_count,coverage,coverage_wilson_low,coverage_wilson_high,coverage_mcse,bias,bias_mcse,bias_mc95_low,bias_mc95_high,rmse,empirical_sd,mean_width,mean_width_mcse,rms_raw_bootstrap_sd,rms_analytic_se,rms_reported_se,se_calibration_ratio,se_calibration_ratio_low,se_calibration_ratio_high,weak_j_fraction,discarded_fraction,analytic_bias,empirical_minus_analytic_bias
A,"A|low success, N=200|rho_target=0.05|m=5361|N=200","low success, N=200",textbook_validation_only,0.2,0.875,0.875,0.875,0.875,5361,200,100,100,0.05,0.0500032133726462,nan,nan,5000,4684,0.9368,0.929714495585086,0.9432148399957121,0.0034410974993452316,-0.00018973853352710623,0.0005286244953859285,-0.001225823505829186,0.0008463464387749736,0.037376140015578395,0.037379396538870686,0.14484021093222585,0.00038315605548861766,0.03796843301796665,nan,0.03796843301796665,1.0157583196530053,0.9977372516490681,1.0346440541840447,0.0,0.0,nan,nan
A,"A|low success, N=200|rho_target=0.05|m=5361|N=200","low success, N=200",full_fixed_stratum_bootstrap,0.2,0.875,0.875,0.875,0.875,5361,200,100,100,0.05,0.0500032133726462,nan,nan,5000,4715,0.943,0.9362271473719421,0.9490926687047372,0.00327874976172321,-0.00018973853352710623,0.0005286244953859285,-0.001225823505829186,0.0008463464387749736,0.037376140015578395,0.037379396538870686,0.1479904536426048,0.0003793110410541174,0.038751711392477,nan,0.038751711392477,1.036713135595414,1.015235179337097,1.0590252905915725,0.0,0.0,nan,nan
A,"A|low success, N=200|rho_target=0.05|m=5361|N=200","low success, N=200",delta_method,0.2,0.875,0.875,0.875,0.875,5361,200,100,100,0.05,0.0500032133726462,nan,nan,5000,4724,0.9448,0.9381217657086575,0.9507952866410198,0.0032296427046966053,-0.00018973853352710623,0.0005286244953859285,-0.001225823505829186,0.0008463464387749736,0.037376140015578395,0.037379396538870686,0.14619458814172723,0.00037071335307509683,nan,0.03799340801039381,0.03799340801039381,1.0164264682787112,0.9977025138599779,1.037082194476233,0.0,0.0,nan,nan
A,"A|low success, N=200|rho_target=0.10|m=2681|N=200","low success, N=200",textbook_validation_only,0.2,0.875,0.875,0.875,0.875,2681,200,100,100,0.1,0.09998777578916683,nan,nan,5000,4653,0.9306,0.9232202953833516,0.9373185597015653,0.0035939849749268573,-0.0007238648451294016,0.0005491279462853034,-0.0018001358427530416,0.00035240615249423836,0.03883207367332059,0.03882920945573803,0.14549815056031296,0.0003865611020793251,0.038128404113731265,nan,0.038128404113731265,0.9819515938688986,0.9636702560019762,1.0014198627469035,0.0,0.0,nan,nan
A,"A|low success, N=200|rho_target=0.10|m=2681|N=200","low success, N=200",full_fixed_stratum_bootstrap,0.2,0.875,0.875,0.875,0.875,2681,200,100,100,0.1,0.09998777578916683,nan,nan,5000,4713,0.9426,0.9358063672939007,0.9487140629443348,0.0032895361375124004,-0.0007238648451294016,0.0005491279462853034,-0.0018001358427530416,0.00035240615249423836,0.03883207367332059,0.03882920945573803,0.15221564071041987,0.00037597167219303616,0.03980787248081018,nan,0.03980787248081018,1.0252042995154909,1.0068506040070853,1.046225545593282,0.0,0.0,nan,nan
A,"A|low success, N=200|rho_target=0.10|m=2681|N=200","low success, N=200",delta_method,0.2,0.875,0.875,0.875,0.875,2681,200,100,100,0.1,0.09998777578916683,nan,nan,5000,4709,0.9418,0.9349650691832874,0.9479565893780602,0.0033109744789110054,-0.0007238648451294016,0.0005491279462853034,-0.0018001358427530416,0.00035240615249423836,0.03883207367332059,0.03882920945573803,0.15036671155795253,0.00036935292793575654,nan,0.03904067671031231,0.03904067671031231,1.0054460870447373,0.9850648130975854,1.0244246284597975,0.0,0.0,nan,nan
A,"A|low success, N=200|rho_target=0.20|m=1340|N=200","low success, N=200",textbook_validation_only,0.2,0.875,0.875,0.875,0.875,1340,200,100,100,0.2,0.20005016932145991,nan,nan,5000,4560,0.912,0.9038279618504007,0.9195394517468723,0.004006394888175652,-0.001395309912061632,0.0005848008473158809,-0.0025414985109292656,-0.00024912131319399823,0.041371065405988,0.041351664478069816,0.1453913655519597,0.0003873852557365012,0.03819979014190982,nan,0.03819979014190982,0.9237787795015715,0.9050487328343385,0.9417258639108435,0.0,0.0,nan,nan
A,"A|low success, N=200|rho_target=0.20|m=1340|N=200","low success, N=200",full_fixed_stratum_bootstrap,0.2,0.875,0.875,0.875,0.875,1340,200,100,100,0.2,0.20005016932145991,nan,nan,5000,4696,0.9392,0.932233191279953,0.9454924593315089,0.003379448475713159,-0.001395309912061632,0.0005848008473158809,-0.0025414985109292656,-0.00024912131319399823,0.041371065405988,0.041351664478069816,0.15854206829139605,0.00036760057687868733,0.04145546307073245,nan,0.04145546307073245,1.0025101430371124,0.983914459456869,1.0215326888880767,0.0,0.0,nan,nan
A,"A|low success, N=200|rho_target=0.20|m=1340|N=200","low success, N=200",delta_method,0.2,0.875,0.875,0.875,0.875,1340,200,100,100,0.2,0.20005016932145991,nan,nan,5000,4693,0.9386,0.9316032506290377,0.9449233212247583,0.003394997496317192,-0.001395309912061632,0.0005848008473158809,-0.0025414985109292656,-0.00024912131319399823,0.041371065405988,0.041351664478069816,0.15681281410391767,0.0003615031596521363,nan,0.040721539958649314,0.040721539958649314,0.9847618100172321,0.966035499854622,1.0039687056555915,0.0,0.0,nan,nan
A,"A|low success, N=200|rho_target=0.40|m=670|N=200","low success, N=200",textbook_validation_only,0.2,0.875,0.875,0.875,0.875,670,200,100,100,0.4,0.40010033864291983,nan,nan,5000,4464,0.8928,0.8839213682108477,0.9010755251411157,0.004375115084200643,-0.0018605713528107581,0.0006175000441907977,-0.0030708491998766136,-0.0006502935057449027,0.043699106882549785,0.043663846863030584,0.1456692872346255,0.00038504114886452593,0.03830918423238828,nan,0.03830918423238828,0.8773662190727404,0.860447910350069,0.8932157285866144,0.0,0.0,nan,nan
A,"A|low success, N=200|rho_target=0.40|m=670|N=200","low success, N=200",full_fixed_stratum_bootstrap,0.2,0.875,0.875,0.875,0.875,670,200,100,100,0.4,0.40010033864291983,nan,nan,5000,4718,0.9436,0.9368584836941273,0.9496604111402182,0.0032624849424939878,-0.0018605713528107581,0.0006175000441907977,-0.0030708491998766136,-0.0006502935057449027,0.043699106882549785,0.043663846863030584,0.17115635102609902,0.0003580543726352221,0.044702519215754064,nan,0.044702519215754064,1.0237879258779397,1.0063116053838723,1.0420985852677955,0.0,0.0,nan,nan
A,"A|low success, N=200|rho_target=0.40|m=670|N=200","low success, N=200",delta_method,0.2,0.875,0.875,0.875,0.875,670,200,100,100,0.4,0.40010033864291983,nan,nan,5000,4737,0.9474,0.9408617705245412,0.9532512897750218,0.0031569998416217885,-0.0018605713528107581,0.0006175000441907977,-0.0030708491998766136,-0.0006502935057449027,0.043699106882549785,0.043663846863030584,0.16960807341544543,0.0003502034214449533,nan,0.04398320431492732,0.04398320431492732,1.0073140017392084,0.9874999935964565,1.0278386236805945,0.0,0.0,nan,nan
A,"A|low success, N=200|rho_target=0.75|m=357|N=200","low success, N=200",textbook_validation_only,0.2,0.875,0.875,0.875,0.875,357,200,100,100,0.75,0.7508885907304097,nan,nan,5000,4286,0.8572,0.8472279327310632,0.8666236209993881,0.004947891672217573,-0.0007677384334676685,0.0006826449719800758,-0.0021056979927759714,0.0005702211258406344,0.048271567273011205,0.048270288883001236,0.1451264089965584,0.0003764178918151104,0.03821317983317953,nan,0.03821317983317953,0.7916501168203409,0.7758954127488912,0.8084884534212736,0.0,0.0,nan,nan
A,"A|low success, N=200|rho_target=0.75|m=357|N=200","low success, N=200",full_fixed_stratum_bootstrap,0.2,0.875,0.875,0.875,0.875,357,200,100,100,0.75,0.7508885907304097,nan,nan,5000,4748,0.9496,0.9431834964737694,0.9553261859372354,0.0030938597253269257,-0.0007677384334676685,0.0006826449719800758,-0.0021056979927759714,0.0005702211258406344,0.048271567273011205,0.048270288883001236,0.1903727331862111,0.00033988078684731547,0.04965987572476488,nan,0.04965987572476488,1.0287876222396712,1.0087866941077586,1.0494975560492672,0.0,0.0,nan,nan
A,"A|low success, N=200|rho_target=0.75|m=357|N=200","low success, N=200",delta_method,0.2,0.875,0.875,0.875,0.875,357,200,100,100,0.75,0.7508885907304097,nan,nan,5000,4790,0.958,0.9520794713130137,0.963217313705314,0.002836758713743558,-0.0007677384334676685,0.0006826449719800758,-0.0021056979927759714,0.0005702211258406344,0.048271567273011205,0.048270288883001236,0.1888613545990153,0.0003281540094807889,nan,0.048950015318283684,0.048950015318283684,1.014081673240655,0.9938322542319715,1.0342789959623198,0.0,0.0,nan,nan
A,"A|low success, N=200|rho_target=1.00|m=268|N=200","low success, N=200",textbook_validation_only,0.2,0.875,0.875,0.875,0.875,268,200,100,100,1.0,1.0002508466072997,nan,nan,5000,4129,0.8258,0.8150379927412391,0.8360617726713616,0.005363848618296382,-0.0016076681420895966,0.0007240129199103527,-0.0030267073894555702,-0.0001886288947236228,0.051215563485453,0.05119544453352831,0.14577677177770829,0.000374147731139761,0.038438184684183904,nan,0.038438184684183904,0.750812597378863,0.7360645728094697,0.7654666951816046,0.0,0.0,nan,nan
A,"A|low success, N=200|rho_target=1.00|m=268|N=200","low success, N=200",full_fixed_stratum_bootstrap,0.2,0.875,0.875,0.875,0.875,268,200,100,100,1.0,1.0002508466072997,nan,nan,5000,4742,0.9484,0.9419167179483694,0.9541948069473034,0.003128496124338337,-0.0016076681420895966,0.0007240129199103527,-0.0030267073894555702,-0.0001886288947236228,0.051215563485453,0.05119544453352831,0.20355633375979146,0.0003374516203105992,0.05315243105877519,nan,0.05315243105877519,1.0382257941713005,1.0199834774596832,1.0608102505302603,0.0,0.0,nan,nan
A,"A|low success, N=200|rho_target=1.00|m=268|N=200","low success, N=200",delta_method,0.2,0.875,0.875,0.875,0.875,268,200,100,100,1.0,1.0002508466072997,nan,nan,5000,4778,0.9556,0.9495322908690903,0.9609681791185737,0.0029130272913242676,-0.0016076681420895966,0.0007240129199103527,-0.0030267073894555702,-0.0001886288947236228,0.051215563485453,0.05119544453352831,0.20215021435162145,0.00032358935114937325,nan,0.052427157151005564,0.052427157151005564,1.024059027686938,1.0053725954402724,1.045531799783177,0.0,0.0,nan,nan
A,"A|low success, N=200|rho_target=1.50|m=179|N=200","low success, N=200",textbook_validation_only,0.2,0.875,0.875,0.875,0.875,179,200,100,100,1.5,1.4975822731327166,nan,nan,5000,3852,0.7704,0.7585374933936386,0.7818473333944744,0.005947837253994094,-0.0003141996105987255,0.0008226001458571537,-0.001926466270156142,0.001298067048958691,0.05816164586921857,0.05816661413406365,0.14416567951203738,0.00036847107061537687,0.03827111560959735,nan,0.03827111560959735,0.6579567365119323,0.645712309908923,0.6704335135780154,0.0,0.0,nan,nan
A,"A|low success, N=200|rho_target=1.50|m=179|N=200","low success, N=200",full_fixed_stratum_bootstrap,0.2,0.875,0.875,0.875,0.875,179,200,100,100,1.5,1.4975822731327166,nan,nan,5000,4732,0.9464,0.9398074424904064,0.9523071532130467,0.0031851857088716186,-0.0003141996105987255,0.0008226001458571537,-0.001926466270156142,0.001298067048958691,0.05816164586921857,0.05816661413406365,0.22437812341144522,0.0003499221400757031,0.058998550556013184,nan,0.058998550556013184,1.0143026448132613,0.9954027986551943,1.033975587415581,0.0,0.0,nan,nan
A,"A|low success, N=200|rho_target=1.50|m=179|N=200","low success, N=200",delta_method,0.2,0.875,0.875,0.875,0.875,179,200,100,100,1.5,1.4975822731327166,nan,nan,5000,4769,0.9538,0.9476249036383626,0.9592783300763037,0.002968688599365047,-0.0003141996105987255,0.0008226001458571537,-0.001926466270156142,0.001298067048958691,0.05816164586921857,0.05816661413406365,0.22344723872867275,0.00032732837158441243,nan,0.05827937196958434,0.05827937196958434,1.0019385318743292,0.9834504014709173,1.0203686799309943,0.0,0.0,nan,nan
A,"A|low success, N=200|rho_target=2.00|m=134|N=200","low success, N=200",textbook_validation_only,0.2,0.875,0.875,0.875,0.875,134,200,100,100,2.0,2.0005016932145994,nan,nan,5000,3719,0.7438,0.731516160703316,0.7557095078282743,0.006173516987908917,-0.0019406127175760068,0.0008909921783808394,-0.0036869252977093396,-0.00019430013744267433,0.0630262439015435,0.06300266113172655,0.14438124272656036,0.00036816506086305163,0.03843877425965737,nan,0.03843877425965737,0.6101135026548993,0.5992670774126004,0.6224591424437689,0.0,0.0,nan,nan
A,"A|low success, N=200|rho_target=2.00|m=134|N=200","low success, N=200",full_fixed_stratum_bootstrap,0.2,0.875,0.875,0.875,0.875,134,200,100,100,2.0,2.0005016932145994,nan,nan,5000,4739,0.9478,0.9412836742322345,0.9536287719057724,0.003145636978419475,-0.0019406127175760068,0.0008909921783808394,-0.0036869252977093396,-0.00019430013744267433,0.0630262439015435,0.06300266113172655,0.2434916251834561,0.00038432034414339147,0.06448150335587116,nan,0.06448150335587116,1.0234726946065442,1.005922289560403,1.0452052055796612,0.0,0.0,nan,nan
A,"A|low success, N=200|rho_target=2.00|m=134|N=200","low success, N=200",delta_method,0.2,0.875,0.875,0.875,0.875,134,200,100,100,2.0,2.0005016932145994,nan,nan,5000,4778,0.9556,0.9495322908690903,0.9609681791185737,0.0029130272913242676,-0.0019406127175760068,0.0008909921783808394,-0.0036869252977093396,-0.00019430013744267433,0.0630262439015435,0.06300266113172655,0.24308485305266317,0.0003545936985463146,nan,0.06377912920769849,0.06377912920769849,1.0123243695111306,0.9946455781005769,1.033478921842758,0.0,0.0,nan,nan
A,"A|low success, N=800|rho_target=0.05|m=21445|N=800","low success, N=800",textbook_validation_only,0.2,0.875,0.875,0.875,0.875,21445,800,400,400,0.05,0.050000881676988816,nan,nan,5000,4687,0.9374,0.9303439051736698,0.9437845091647944,0.0034258207775655744,-0.00035244701376169196,0.0002670303460331802,-0.0008758168747659932,0.0001709228472426093,0.018883297969496924,0.018881896846265202,0.07139291943805111,0.00010214099216346767,0.01838469064912355,nan,0.01838469064912355,0.9736675715798119,0.9525997597729815,0.9936684131454094,0.0,0.0,nan,nan
A,"A|low success, N=800|rho_target=0.05|m=21445|N=800","low success, N=800",full_fixed_stratum_bootstrap,0.2,0.875,0.875,0.875,0.875,21445,800,400,400,0.05,0.050000881676988816,nan,nan,5000,4718,0.9436,0.9368584836941273,0.9496604111402182,0.0032624849424939878,-0.00035244701376169196,0.0002670303460331802,-0.0008758168747659932,0.0001709228472426093,0.018883297969496924,0.018881896846265202,0.07314094362380427,0.00010175760898151288,0.018823796033386214,nan,0.018823796033386214,0.996922935584701,0.9796924253881514,1.0159896765889074,0.0,0.0,nan,nan
A,"A|low success, N=800|rho_target=0.05|m=21445|N=800","low success, N=800",delta_method,0.2,0.875,0.875,0.875,0.875,21445,800,400,400,0.05,0.050000881676988816,nan,nan,5000,4729,0.9458,0.9391751361905106,0.9517403807552766,0.003201948156981934,-0.00035244701376169196,0.0002670303460331802,-0.0008758168747659932,0.0001709228472426093,0.018883297969496924,0.018881896846265202,0.07312275482007666,9.571675346455301e-05,nan,0.0187338275149971,0.0187338275149971,0.9921581326032193,0.9753739744581689,1.0126441282100014,0.0,0.0,nan,nan
A,"A|low success, N=800|rho_target=0.10|m=10723|N=800","low success, N=800",textbook_validation_only,0.2,0.875,0.875,0.875,0.875,10723,800,400,400,0.1,0.099997100397559,nan,nan,5000,4692,0.9384,0.931393310404438,0.944733568530136,0.003400159996235471,0.00013069403835050397,0.0002668121012892064,-0.00039224807081579354,0.0006536361475168015,0.018865030591177813,0.018866464612422983,0.07138415959335224,9.80083769975392e-05,0.01838076939737258,nan,0.01838076939737258,0.9742561616588946,0.9555492549362696,0.9926498102831988,0.0,0.0,nan,nan
A,"A|low success, N=800|rho_target=0.10|m=10723|N=800","low success, N=800",full_fixed_stratum_bootstrap,0.2,0.875,0.875,0.875,0.875,10723,800,400,400,0.1,0.099997100397559,nan,nan,5000,4761,0.9522,0.945931477658468,0.9577742127024225,0.0030171231330524103,0.00013069403835050397,0.0002668121012892064,-0.00039224807081579354,0.0006536361475168015,0.018865030591177813,0.018866464612422983,0.07477590490910696,9.588955779362324e-05,0.01923559318327728,nan,0.01923559318327728,1.0195653281331383,1.0020226818196578,1.0406196815370612,0.0,0.0,nan,nan
A,"A|low success, N=800|rho_target=0.10|m=10723|N=800","low success, N=800",delta_method,0.2,0.875,0.875,0.875,0.875,10723,800,400,400,0.1,0.099997100397559,nan,nan,5000,4763,0.9526,0.946354660519909,0.9581504156794253,0.0030051036587778464,0.00013069403835050397,0.0002668121012892064,-0.00039224807081579354,0.0006536361475168015,0.018865030591177813,0.018866464612422983,0.07480492250445844,9.031528184911675e-05,nan,0.019152642069014045,0.019152642069014045,1.0151685788763318,0.997072789863981,1.0360111423512643,0.0,0.0,nan,nan
A,"A|low success, N=800|rho_target=0.20|m=5361|N=800","low success, N=800",textbook_validation_only,0.2,0.875,0.875,0.875,0.875,5361,800,400,400,0.2,0.2000128534905848,nan,nan,5000,4603,0.9206,0.9127791097321472,0.9277750993916709,0.0038234968288204454,-0.0006870952760983373,0.0002863912450405976,-0.001248411801865494,-0.00012577875033118065,0.020260548022023466,0.020250919144066477,0.07159334605215041,0.00010085121031299655,0.018433511871149166,nan,0.018433511871149166,0.9102555661800757,0.8956642410928587,0.9300760541375699,0.0,0.0,nan,nan
A,"A|low success, N=800|rho_target=0.20|m=5361|N=800","low success, N=800",full_fixed_stratum_bootstrap,0.2,0.875,0.875,0.875,0.875,5361,800,400,400,0.2,0.2000128534905848,nan,nan,5000,4728,0.9456,0.938964415086006,0.9515514089405591,0.003207511184703804,-0.0006870952760983373,0.0002863912450405976,-0.001248411801865494,-0.00012577875033118065,0.020260548022023466,0.020250919144066477,0.07834657282563878,9.91894966681979e-05,0.020140706985182843,nan,0.020140706985182843,0.9945576712790379,0.9741212237135048,1.014324022913011,0.0,0.0,nan,nan
A,"A|low success, N=800|rho_target=0.20|m=5361|N=800","low success, N=800",delta_method,0.2,0.875,0.875,0.875,0.875,5361,800,400,400,0.2,0.2000128534905848,nan,nan,5000,4744,0.9488,0.942338874132074,0.9545720366020427,0.0031170036894427964,-0.0006870952760983373,0.0002863912450405976,-0.001248411801865494,-0.00012577875033118065,0.020260548022023466,0.020250919144066477,0.0783743559612121,9.241674121706275e-05,nan,0.020063192024054634,0.020063192024054634,0.9907299457038795,0.9729334336699361,1.009036175371453,0.0,0.0,nan,nan
A,"A|low success, N=800|rho_target=0.40|m=2681|N=800","low success, N=800",textbook_validation_only,0.2,0.875,0.875,0.875,0.875,2681,800,400,400,0.4,0.3999511031566673,nan,nan,5000,4497,0.8994,0.8907533911419133,0.9074333685443751,0.00425393088801405,-0.0001983524472687348,0.00030747654298315236,-0.0008009953976065953,0.0004042905030691257,0.02174060542609622,0.0217418748599184,0.07143024763082538,0.00010106558256141344,0.01839464664748246,nan,0.01839464664748246,0.8460469378100126,0.8294579097498448,0.8617352813185336,0.0,0.0,nan,nan
A,"A|low success, N=800|rho_target=0.40|m=2681|N=800","low success, N=800",full_fixed_stratum_bootstrap,0.2,0.875,0.875,0.875,0.875,2681,800,400,400,0.4,0.3999511031566673,nan,nan,5000,4728,0.9456,0.938964415086006,0.9515514089405591,0.003207511184703804,-0.0001983524472687348,0.00030747654298315236,-0.0008009953976065953,0.0004042905030691257,0.02174060542609622,0.0217418748599184,0.08443368387994574,9.680391513865935e-05,0.02169536526845482,nan,0.02169536526845482,0.9978608288492486,0.9780324768045304,1.0187879330949068,0.0,0.0,nan,nan
A,"A|low success, N=800|rho_target=0.40|m=2681|N=800","low success, N=800",delta_method,0.2,0.875,0.875,0.875,0.875,2681,800,400,400,0.4,0.3999511031566673,nan,nan,5000,4751,0.9502,0.9438172390328634,0.9558915221358073,0.0030763601869742093,-0.0001983524472687348,0.00030747654298315236,-0.0008009953976065953,0.0004042905030691257,0.02174060542609622,0.0217418748599184,0.08448375795488226,8.946045548417414e-05,nan,0.021612694460545416,0.021612694460545416,0.9940584517110282,0.9765588366987582,1.0151667296490088,0.0,0.0,nan,nan
A,"A|low success, N=800|rho_target=0.75|m=1430|N=800","low success, N=800",textbook_validation_only,0.2,0.875,0.875,0.875,0.875,1430,800,400,400,0.75,0.7498383968972204,nan,nan,5000,4265,0.853,0.8429138927099192,0.8625441097168706,0.005007813894305578,-0.0008573259294618052,0.00034729970515254185,-0.001538020843402167,-0.0001766310155214433,0.02457030355244601,0.02455779766174509,0.07165408244774864,0.00010212928081556767,0.01844767314955348,nan,0.01844767314955348,0.7511941177970671,0.737657320444009,0.7660276188384588,0.0,0.0,nan,nan
A,"A|low success, N=800|rho_target=0.75|m=1430|N=800","low success, N=800",full_fixed_stratum_bootstrap,0.2,0.875,0.875,0.875,0.875,1430,800,400,400,0.75,0.7498383968972204,nan,nan,5000,4714,0.9428,0.936016746325258,0.9489033768321995,0.0032841485959073176,-0.0008573259294618052,0.00034729970515254185,-0.001538020843402167,-0.0001766310155214433,0.02457030355244601,0.02455779766174509,0.0945581777455676,9.715490555225269e-05,0.024274328690892116,nan,0.024274328690892116,0.988457068717748,0.9702957042235936,1.0087203629164332,0.0,0.0,nan,nan
A,"A|low success, N=800|rho_target=0.75|m=1430|N=800","low success, N=800",delta_method,0.2,0.875,0.875,0.875,0.875,1430,800,400,400,0.75,0.7498383968972204,nan,nan,5000,4727,0.9454,0.9387537176068037,0.9513624135005396,0.003213062090903317,-0.0008573259294618052,0.00034729970515254185,-0.001538020843402167,-0.0001766310155214433,0.02457030355244601,0.02455779766174509,0.09462392625158356,8.856525689400081e-05,nan,0.02419199931685241,0.02419199931685241,0.9851045948854567,0.9653735584884016,1.0066849270987959,0.0,0.0,nan,nan
A,"A|low success, N=800|rho_target=1.00|m=1072|N=800","low success, N=800",textbook_validation_only,0.2,0.875,0.875,0.875,0.875,1072,800,400,400,1.0,1.0002508466072997,nan,nan,5000,4162,0.8324,0.821792646944112,0.8424969848028142,0.005282238919246269,-0.0002972418232677909,0.0003634932469746824,-0.0010096754959616912,0.0004151918494261095,0.025702002418914575,0.025702853985131443,0.07139439542448242,0.00010149046315776087,0.018386234694415266,nan,0.018386234694415266,0.7153382540729256,0.7019076155341029,0.7288456040918014,0.0,0.0,nan,nan
A,"A|low success, N=800|rho_target=1.00|m=1072|N=800","low success, N=800",full_fixed_stratum_bootstrap,0.2,0.875,0.875,0.875,0.875,1072,800,400,400,1.0,1.0002508466072997,nan,nan,5000,4742,0.9484,0.9419167179483694,0.9541948069473034,0.003128496124338337,-0.0002972418232677909,0.0003634932469746824,-0.0010096754959616912,0.0004151918494261095,0.025702002418914575,0.025702853985131443,0.1008571091115573,9.800948768019953e-05,0.025882671415119112,nan,0.025882671415119112,1.006996010252079,0.9875368021669736,1.0227798613098147,0.0,0.0,nan,nan
A,"A|low success, N=800|rho_target=1.00|m=1072|N=800","low success, N=800",delta_method,0.2,0.875,0.875,0.875,0.875,1072,800,400,400,1.0,1.0002508466072997,nan,nan,5000,4758,0.9516,0.9452969156918606,0.957209695911364,0.0030350433275325743,-0.0002972418232677909,0.0003634932469746824,-0.0010096754959616912,0.0004151918494261095,0.025702002418914575,0.025702853985131443,0.10097201143684507,8.752464989463869e-05,nan,0.02580697070260429,0.02580697070260429,1.0040507843032946,0.9838443876310343,1.0237705519546443,0.0,0.0,nan,nan
A,"A|low success, N=800|rho_target=1.50|m=715|N=800","low success, N=800",textbook_validation_only,0.2,0.875,0.875,0.875,0.875,715,800,400,400,1.5,1.4996767937944409,nan,nan,5000,3935,0.787,0.7754333401677951,0.7981259989157423,0.005790181344310383,-0.000727208854212763,0.00040203192412803913,-0.0015151769461390595,6.0759237713533284e-05,0.028434407733239225,0.028427949980441205,0.07161462150542579,0.00010142590372247894,0.018429683253464037,nan,0.018429683253464037,0.6482944871559115,0.6367794076742638,0.6621431365683831,0.0,0.0,nan,nan
A,"A|low success, N=800|rho_target=1.50|m=715|N=800","low success, N=800",full_fixed_stratum_bootstrap,0.2,0.875,0.875,0.875,0.875,715,800,400,400,1.5,1.4996767937944409,nan,nan,5000,4754,0.9508,0.9444512224818337,0.9564566174445029,0.0030587369942510594,-0.000727208854212763,0.00040203192412803913,-0.0015151769461390595,6.0759237713533284e-05,0.028434407733239225,0.028427949980441205,0.112863690388499,9.978158383636918e-05,0.028945240493664752,nan,0.028945240493664752,1.0181965464825797,0.9998567789895916,1.0385306989073524,0.0,0.0,nan,nan
A,"A|low success, N=800|rho_target=1.50|m=715|N=800","low success, N=800",delta_method,0.2,0.875,0.875,0.875,0.875,715,800,400,400,1.5,1.4996767937944409,nan,nan,5000,4779,0.9558,0.9497443776640049,0.9611557852428811,0.002906763148245829,-0.000727208854212763,0.00040203192412803913,-0.0015151769461390595,6.0759237713533284e-05,0.028434407733239225,0.028427949980441205,0.11295458791900619,8.611877755336858e-05,nan,0.028857311541371417,0.028857311541371417,1.0151035006472722,0.9956206478563406,1.0332244108560753,0.0,0.0,nan,nan
A,"A|low success, N=800|rho_target=2.00|m=536|N=800","low success, N=800",textbook_validation_only,0.2,0.875,0.875,0.875,0.875,536,800,400,400,2.0,2.0005016932145994,nan,nan,5000,3653,0.7306,0.7181293422817882,0.7427165935811516,0.0062741316530656255,7.306846409649292e-05,0.0004472114394492527,-0.0008034498506983575,0.0009495867788913433,0.031619546151079314,0.03162262414587637,0.07136486346543128,0.00010225820870453974,0.018370106970463734,nan,0.018370106970463734,0.5809165895190017,0.5705274252285671,0.5921171397660064,0.0,0.0,nan,nan
A,"A|low success, N=800|rho_target=2.00|m=536|N=800","low success, N=800",full_fixed_stratum_bootstrap,0.2,0.875,0.875,0.875,0.875,536,800,400,400,2.0,2.0005016932145994,nan,nan,5000,4736,0.9472,0.9406508558971115,0.9530625114832295,0.003162662169755093,7.306846409649292e-05,0.0004472114394492527,-0.0008034498506983575,0.0009495867788913433,0.031619546151079314,0.03162262414587637,0.12343026510039072,0.00010373108096349977,0.03164692311769264,nan,0.03164692311769264,1.0007684046619338,0.9796370118886097,1.0207801264883816,0.0,0.0,nan,nan
A,"A|low success, N=800|rho_target=2.00|m=536|N=800","low success, N=800",delta_method,0.2,0.875,0.875,0.875,0.875,536,800,400,400,2.0,2.0005016932145994,nan,nan,5000,4753,0.9506,0.9442398676450816,0.956268279362033,0.003064625262572897,7.306846409649292e-05,0.0004472114394492527,-0.0008034498506983575,0.0009495867788913433,0.031619546151079314,0.03162262414587637,0.12353789545235151,8.805572085891359e-05,nan,0.03155578666005378,0.03155578666005378,0.997886402927402,0.9785762337661558,1.0150847996790662,0.0,0.0,nan,nan
A,"A|balanced success, N=200|rho_target=0.05|m=9143|N=200","balanced success, N=200",textbook_validation_only,0.5,0.875,0.875,0.875,0.875,9143,200,100,100,0.05,0.04999921876220683,nan,nan,5000,4676,0.9352,0.9280369064172753,0.9416948858097471,0.003481406612276135,0.0004209360008613494,0.00045148999593460856,-0.00046396813055061875,0.0013058401322733177,0.031924746295711674,0.03192516377632485,0.12674563419877036,0.0002747151242066353,0.03264761374330829,nan,0.03264761374330829,1.0226294835022647,1.0021065321606593,1.0435981494096613,0.0,0.0,nan,nan
A,"A|balanced success, N=200|rho_target=0.05|m=9143|N=200","balanced success, N=200",full_fixed_stratum_bootstrap,0.5,0.875,0.875,0.875,0.875,9143,200,100,100,0.05,0.04999921876220683,nan,nan,5000,4717,0.9434,0.9366480159464105,0.9494711859687129,0.0032679179916270842,0.0004209360008613494,0.00045148999593460856,-0.00046396813055061875,0.0013058401322733177,0.031924746295711674,0.03192516377632485,0.1293701971694614,0.00027348237675200895,0.033317893604365954,nan,0.033317893604365954,1.0436248295482176,1.024592223675276,1.0641795374806573,0.0,0.0,nan,nan
A,"A|balanced success, N=200|rho_target=0.05|m=9143|N=200","balanced success, N=200",delta_method,0.5,0.875,0.875,0.875,0.875,9143,200,100,100,0.05,0.04999921876220683,nan,nan,5000,4798,0.9596,0.9537802967754346,0.964714031596669,0.0027845229393919525,0.0004209360008613494,0.00045148999593460856,-0.00046396813055061875,0.0013058401322733177,0.031924746295711674,0.03192516377632485,0.12719630823691613,0.00025798460919124763,nan,0.03278058384840574,0.03278058384840574,1.0267945398205052,1.0086182475708447,1.0479744741548351,0.0,0.0,nan,nan
A,"A|balanced success, N=200|rho_target=0.10|m=4571|N=200","balanced success, N=200",textbook_validation_only,0.5,0.875,0.875,0.875,0.875,4571,200,100,100,0.1,0.10000937587898864,nan,nan,5000,4712,0.9424,0.9355960101702596,0.948524727148754,0.0032949124419322583,6.288944478405334e-06,0.0004581315803208711,-0.000891632453130921,0.0009042103420877316,0.03239155568110969,0.03239479471205974,0.1265097776467134,0.00026861153013126997,0.03259203118440265,nan,0.03259203118440265,1.0060885236068338,0.9889444925347535,1.026763700209327,0.0,0.0,nan,nan
A,"A|balanced success, N=200|rho_target=0.10|m=4571|N=200","balanced success, N=200",full_fixed_stratum_bootstrap,0.5,0.875,0.875,0.875,0.875,4571,200,100,100,0.1,0.10000937587898864,nan,nan,5000,4754,0.9508,0.9444512224818337,0.9564566174445029,0.0030587369942510594,6.288944478405334e-06,0.0004581315803208711,-0.000891632453130921,0.0009042103420877316,0.03239155568110969,0.03239479471205974,0.13205931640058832,0.00026681380500721645,0.03399762840058575,nan,0.03399762840058575,1.0494781245805924,1.0279539512472586,1.070724116662151,0.0,0.0,nan,nan
A,"A|balanced success, N=200|rho_target=0.10|m=4571|N=200","balanced success, N=200",delta_method,0.5,0.875,0.875,0.875,0.875,4571,200,100,100,0.1,0.10000937587898864,nan,nan,5000,4820,0.964,0.9584698886851402,0.9688176839098468,0.002634539808012019,6.288944478405334e-06,0.0004581315803208711,-0.000891632453130921,0.0009042103420877316,0.03239155568110969,0.03239479471205974,0.12990579583251538,0.0002521712247949922,nan,0.0334505178310165,0.0334505178310165,1.0325892825788996,1.0131617707583087,1.05221245278139,0.0,0.0,nan,nan
A,"A|balanced success, N=200|rho_target=0.20|m=2286|N=200","balanced success, N=200",textbook_validation_only,0.5,0.875,0.875,0.875,0.875,2286,200,100,100,0.2,0.19997500312460942,nan,nan,5000,4603,0.9206,0.9127791097321472,0.9277750993916709,0.0038234968288204454,-0.0007056325638221117,0.0004921541736833806,-0.001670237019082608,0.0002589718914383847,0.034804228980891215,0.034800555360078034,0.1264510323866484,0.0002715819292174635,0.03258145215151208,nan,0.03258145215151208,0.9362336840431106,0.9192839302091433,0.9531910270036142,0.0,0.0,nan,nan
A,"A|balanced success, N=200|rho_target=0.20|m=2286|N=200","balanced success, N=200",full_fixed_stratum_bootstrap,0.5,0.875,0.875,0.875,0.875,2286,200,100,100,0.2,0.19997500312460942,nan,nan,5000,4726,0.9452,0.9385430436311213,0.951173394557,0.003218600938296016,-0.0007056325638221117,0.0004921541736833806,-0.001670237019082608,0.0002589718914383847,0.034804228980891215,0.034800555360078034,0.13767056749130666,0.0002723116292179431,0.03543255726503669,nan,0.03543255726503669,1.0181606844609057,0.9993343320751026,1.0406427521372543,0.0,0.0,nan,nan
A,"A|balanced success, N=200|rho_target=0.20|m=2286|N=200","balanced success, N=200",delta_method,0.5,0.875,0.875,0.875,0.875,2286,200,100,100,0.2,0.19997500312460942,nan,nan,5000,4789,0.9578,0.951867024068152,0.9630300680309537,0.002843208047259293,-0.0007056325638221117,0.0004921541736833806,-0.001670237019082608,0.0002589718914383847,0.034804228980891215,0.034800555360078034,0.1355617719818158,0.00025570769268755395,nan,0.034888921425949036,0.034888921425949036,1.0025392142440455,0.9832860245726678,1.0212748349233074,0.0,0.0,nan,nan
A,"A|balanced success, N=200|rho_target=0.40|m=1143|N=200","balanced success, N=200",textbook_validation_only,0.5,0.875,0.875,0.875,0.875,1143,200,100,100,0.4,0.39995000624921884,nan,nan,5000,4485,0.897,0.888267788564487,0.9051226560911378,0.004298627687995321,0.001403418157715386,0.0005278905099137736,0.0003687717705039054,0.0024380645449268664,0.037350138773772544,0.03732749592840537,0.1262389224912225,0.0002704980951484302,0.03253611387239476,nan,0.03253611387239476,0.8716393388616117,0.8546884718491181,0.8887212207734408,0.0,0.0,nan,nan
A,"A|balanced success, N=200|rho_target=0.40|m=1143|N=200","balanced success, N=200",full_fixed_stratum_bootstrap,0.5,0.875,0.875,0.875,0.875,1143,200,100,100,0.4,0.39995000624921884,nan,nan,5000,4727,0.9454,0.9387537176068037,0.9513624135005396,0.003213062090903317,0.001403418157715386,0.0005278905099137736,0.0003687717705039054,0.0024380645449268664,0.037350138773772544,0.03732749592840537,0.14809483334399262,0.0002694354187414395,0.03808618964830784,nan,0.03808618964830784,1.0203253312613751,1.0006359933676874,1.0432241095785308,0.0,0.0,nan,nan
A,"A|balanced success, N=200|rho_target=0.40|m=1143|N=200","balanced success, N=200",delta_method,0.5,0.875,0.875,0.875,0.875,1143,200,100,100,0.4,0.39995000624921884,nan,nan,5000,4777,0.9554,0.9493202355759204,0.9607805414925218,0.0029192752525241594,0.001403418157715386,0.0005278905099137736,0.0003687717705039054,0.0024380645449268664,0.037350138773772544,0.03732749592840537,0.14614993814886854,0.00025309999052052716,nan,0.037562279223228724,0.037562279223228724,1.006289821724813,0.9881309111492287,1.0286732737204265,0.0,0.0,nan,nan
A,"A|balanced success, N=200|rho_target=0.75|m=610|N=200","balanced success, N=200",textbook_validation_only,0.5,0.875,0.875,0.875,0.875,610,200,100,100,0.75,0.7494145199063231,nan,nan,5000,4252,0.8504,0.8402446793645632,0.860017315112341,0.005044201423416793,-0.0002795646578478972,0.000588527585721041,-0.001433057529769447,0.0008739282140736526,0.04161196207164413,0.041615184677869524,0.1262713424400622,0.00026593656279976766,0.032523586984328896,nan,0.032523586984328896,0.7815317230016899,0.7661509279162462,0.7967174031981585,0.0,0.0,nan,nan
A,"A|balanced success, N=200|rho_target=0.75|m=610|N=200","balanced success, N=200",full_fixed_stratum_bootstrap,0.5,0.875,0.875,0.875,0.875,610,200,100,100,0.75,0.7494145199063231,nan,nan,5000,4747,0.9494,0.9429723017819809,0.9551376877098019,0.0030996657884359074,-0.0002795646578478972,0.000588527585721041,-0.001433057529769447,0.0008739282140736526,0.04161196207164413,0.041615184677869524,0.16482354378039626,0.000267525778663766,0.042346461520715604,nan,0.042346461520715604,1.017572356064419,0.9976109577574399,1.0369096614907247,0.0,0.0,nan,nan
A,"A|balanced success, N=200|rho_target=0.75|m=610|N=200","balanced success, N=200",delta_method,0.5,0.875,0.875,0.875,0.875,610,200,100,100,0.75,0.7494145199063231,nan,nan,5000,4785,0.957,0.9510175715099949,0.9622807489122229,0.00286883251515316,-0.0002795646578478972,0.000588527585721041,-0.001433057529769447,0.0008739282140736526,0.04161196207164413,0.041615184677869524,0.16302443581089193,0.0002497602335502944,nan,0.04183190720503004,0.04183190720503004,1.005207775210854,0.9840417960198057,1.025058821415767,0.0,0.0,nan,nan
A,"A|balanced success, N=200|rho_target=1.00|m=457|N=200","balanced success, N=200",textbook_validation_only,0.5,0.875,0.875,0.875,0.875,457,200,100,100,1.0,1.000312597686777,nan,nan,5000,4149,0.8298,0.8191310471829095,0.8399625766141309,0.005314733483440162,-0.0006737849555334963,0.0006365440577031819,-0.0019213883832047188,0.0005738184721377263,0.045011004041401535,0.0450104619725921,0.12681111137561824,0.00026849133292097794,0.03266693638605142,nan,0.03266693638605142,0.7257631882548343,0.7115864654798283,0.7402416090439083,0.0,0.0,nan,nan
A,"A|balanced success, N=200|rho_target=1.00|m=457|N=200","balanced success, N=200",full_fixed_stratum_bootstrap,0.5,0.875,0.875,0.875,0.875,457,200,100,100,1.0,1.000312597686777,nan,nan,5000,4713,0.9426,0.9358063672939007,0.9487140629443348,0.0032895361375124004,-0.0006737849555334963,0.0006365440577031819,-0.0019213883832047188,0.0005738184721377263,0.045011004041401535,0.0450104619725921,0.17660011884078003,0.0002783303661296849,0.045352940359298405,nan,0.045352940359298405,1.007608861844494,0.9857641188476508,1.0307395952458054,0.0,0.0,nan,nan
A,"A|balanced success, N=200|rho_target=1.00|m=457|N=200","balanced success, N=200",delta_method,0.5,0.875,0.875,0.875,0.875,457,200,100,100,1.0,1.000312597686777,nan,nan,5000,4765,0.953,0.946777958205572,0.9585265038322062,0.002993025225419928,-0.0006737849555334963,0.0006365440577031819,-0.0019213883832047188,0.0005738184721377263,0.045011004041401535,0.0450104619725921,0.1746637246432469,0.00025564352540127886,nan,0.04479584036404212,0.04479584036404212,0.9952317394857962,0.9751571124889999,1.015848169357862,0.0,0.0,nan,nan
A,"A|balanced success, N=200|rho_target=1.50|m=305|N=200","balanced success, N=200",textbook_validation_only,0.5,0.875,0.875,0.875,0.875,305,200,100,100,1.5,1.4988290398126463,nan,nan,5000,3877,0.7754,0.763623813322213,0.7867533364464495,0.005901776681644265,0.0010463319131321924,0.0007162784357743062,-0.00035754802388813394,0.0024502118501525186,0.050654276655099105,0.05064853391537049,0.12664303026161933,0.00027645539494472134,0.032650797716315426,nan,0.032650797716315426,0.6446543501312834,0.6328597225623753,0.658144370662825,0.0,0.0,nan,nan
A,"A|balanced success, N=200|rho_target=1.50|m=305|N=200","balanced success, N=200",full_fixed_stratum_bootstrap,0.5,0.875,0.875,0.875,0.875,305,200,100,100,1.5,1.4988290398126463,nan,nan,5000,4708,0.9416,0.9347547986326759,0.9477671670094499,0.0033163063790910513,0.0010463319131321924,0.0007162784357743062,-0.00035754802388813394,0.0024502118501525186,0.050654276655099105,0.05064853391537049,0.19658040098638468,0.00029561676388795534,0.050494212064653876,nan,0.050494212064653876,0.996953083558658,0.9779413424139659,1.0172345934204803,0.0,0.0,nan,nan
A,"A|balanced success, N=200|rho_target=1.50|m=305|N=200","balanced success, N=200",delta_method,0.5,0.875,0.875,0.875,0.875,305,200,100,100,1.5,1.4988290398126463,nan,nan,5000,4739,0.9478,0.9412836742322345,0.9536287719057724,0.003145636978419475,0.0010463319131321924,0.0007162784357743062,-0.00035754802388813394,0.0024502118501525186,0.050654276655099105,0.05064853391537049,0.19476650655255442,0.000270236033520759,nan,0.04992475606789561,0.04992475606789561,0.9857097966807046,0.9661139486605635,1.0042126606440949,0.0,0.0,nan,nan
A,"A|balanced success, N=200|rho_target=2.00|m=229|N=200","balanced success, N=200",textbook_validation_only,0.5,0.875,0.875,0.875,0.875,229,200,100,100,2.0,1.996257018091079,nan,nan,5000,3672,0.7344,0.7219816788897042,0.7464584224384532,0.006245904898411438,0.0005517667845673646,0.0007670487164585401,-0.0009516210740790497,0.002055154643213779,0.054235917526622525,0.054238534890827104,0.12707041710259437,0.0002743486543178835,0.0327547751867146,nan,0.0327547751867146,0.6039022855732435,0.5909165430109529,0.61547950690717,0.0,0.0,nan,nan
A,"A|balanced success, N=200|rho_target=2.00|m=229|N=200","balanced success, N=200",full_fixed_stratum_bootstrap,0.5,0.875,0.875,0.875,0.875,229,200,100,100,2.0,1.996257018091079,nan,nan,5000,4734,0.9468,0.9402291004335007,0.9526848811083962,0.003173948959892078,0.0005517667845673646,0.0007670487164585401,-0.0009516210740790497,0.002055154643213779,0.054235917526622525,0.054238534890827104,0.2152080298723313,0.0003038588614688146,0.055223759896108504,nan,0.055223759896108504,1.01816466848274,0.9976714768153429,1.0357830246222979,0.0,0.0,nan,nan
A,"A|balanced success, N=200|rho_target=2.00|m=229|N=200","balanced success, N=200",delta_method,0.5,0.875,0.875,0.875,0.875,229,200,100,100,2.0,1.996257018091079,nan,nan,5000,4765,0.953,0.946777958205572,0.9585265038322062,0.002993025225419928,0.0005517667845673646,0.0007670487164585401,-0.0009516210740790497,0.002055154643213779,0.054235917526622525,0.054238534890827104,0.2133823045830265,0.0002765666735571462,nan,0.05466335225245917,0.05466335225245917,1.0078323900615522,0.9886072420738934,1.0283071337039253,0.0,0.0,nan,nan
A,"A|balanced success, N=800|rho_target=0.05|m=36571|N=800","balanced success, N=800",textbook_validation_only,0.5,0.875,0.875,0.875,0.875,36571,800,400,400,0.05,0.05000058594436653,nan,nan,5000,4699,0.9398,0.9328633138329866,0.9460614155361412,0.0033638061775316374,0.00014556085935724106,0.00022726769137082554,-0.00029987563057914143,0.0005909973492936235,0.016069304747417038,0.016070252571292215,0.061469553831770295,6.822914388256251e-05,0.015768041830154053,nan,0.015768041830154053,0.9811944000383648,0.961092616903295,1.0007178054575196,0.0,0.0,nan,nan
A,"A|balanced success, N=800|rho_target=0.05|m=36571|N=800","balanced success, N=800",full_fixed_stratum_bootstrap,0.5,0.875,0.875,0.875,0.875,36571,800,400,400,0.05,0.05000058594436653,nan,nan,5000,4721,0.9442,0.9374900221191309,0.9502279514728804,0.0032461164489278557,0.00014556085935724106,0.00022726769137082554,-0.00029987563057914143,0.0005909973492936235,0.016069304747417038,0.016070252571292215,0.0629364795475293,6.838180663458757e-05,0.0161454920217677,nan,0.0161454920217677,1.004681908398247,0.9847645929659355,1.026873799666706,0.0,0.0,nan,nan
A,"A|balanced success, N=800|rho_target=0.05|m=36571|N=800","balanced success, N=800",delta_method,0.5,0.875,0.875,0.875,0.875,36571,800,400,400,0.05,0.05000058594436653,nan,nan,5000,4740,0.948,0.9414946635808875,0.9538174754763412,0.00313993630508646,0.00014556085935724106,0.00022726769137082554,-0.00029987563057914143,0.0005909973492936235,0.016069304747417038,0.016070252571292215,0.06287974615580061,6.282799244995274e-05,nan,0.016081025131201267,0.016081025131201267,1.0006703416677032,0.982315942864202,1.0241461285736748,0.0,0.0,nan,nan
A,"A|balanced success, N=800|rho_target=0.10|m=18286|N=800","balanced success, N=800",textbook_validation_only,0.5,0.875,0.875,0.875,0.875,18286,800,400,400,0.1,0.09999843752441366,nan,nan,5000,4663,0.9326,0.9253133309704897,0.9392224533066469,0.0035456237815086927,-5.439292732078993e-05,0.0002323020807944134,-0.0005096966392115539,0.00040091078456997413,0.016424685021055107,0.016426237661347497,0.06139204517459558,6.844894943580678e-05,0.015748753681792026,nan,0.015748753681792026,0.9587559857879291,0.9402945330748768,0.9795377589252339,0.0,0.0,nan,nan
A,"A|balanced success, N=800|rho_target=0.10|m=18286|N=800","balanced success, N=800",full_fixed_stratum_bootstrap,0.5,0.875,0.875,0.875,0.875,18286,800,400,400,0.1,0.09999843752441366,nan,nan,5000,4721,0.9442,0.9374900221191309,0.9502279514728804,0.0032461164489278557,-5.439292732078993e-05,0.0002323020807944134,-0.0005096966392115539,0.00040091078456997413,0.016424685021055107,0.016426237661347497,0.06429118812778398,6.856833228953054e-05,0.016494029336742617,nan,0.016494029336742617,1.0041270360744043,0.9872854147600543,1.0230099683632665,0.0,0.0,nan,nan
A,"A|balanced success, N=800|rho_target=0.10|m=18286|N=800","balanced success, N=800",delta_method,0.5,0.875,0.875,0.875,0.875,18286,800,400,400,0.1,0.09999843752441366,nan,nan,5000,4760,0.952,0.9457199288603764,0.957586068581292,0.0030231109804305907,-5.439292732078993e-05,0.0002323020807944134,-0.0005096966392115539,0.00040091078456997413,0.016424685021055107,0.016426237661347497,0.06426744991421503,6.192015801183362e-05,nan,0.01643305552921106,0.01643305552921106,1.0004150596140224,0.9823691137420801,1.019058751763492,0.0,0.0,nan,nan
A,"A|balanced success, N=800|rho_target=0.20|m=9143|N=800","balanced success, N=800",textbook_validation_only,0.5,0.875,0.875,0.875,0.875,9143,800,400,400,0.2,0.19999687504882732,nan,nan,5000,4601,0.9202,0.9123622322190386,0.9273925910663356,0.0038322828705616187,-0.00027273415466216866,0.0002446878908964783,-0.0007523136082723322,0.00020684529894799493,0.01730246605290709,0.017302046692713388,0.061398980936010164,6.727363305780601e-05,0.01574834552063031,nan,0.01574834552063031,0.9102013074131047,0.8925907944969056,0.9289813412853758,0.0,0.0,nan,nan
A,"A|balanced success, N=800|rho_target=0.20|m=9143|N=800","balanced success, N=800",full_fixed_stratum_bootstrap,0.5,0.875,0.875,0.875,0.875,9143,800,400,400,0.2,0.19999687504882732,nan,nan,5000,4696,0.9392,0.932233191279953,0.9454924593315089,0.003379448475713159,-0.00027273415466216866,0.0002446878908964783,-0.0007523136082723322,0.00020684529894799493,0.01730246605290709,0.017302046692713388,0.06711842255759015,6.846258506075762e-05,0.017223041495862585,nan,0.017223041495862585,0.9954337658281737,0.9762256713357571,1.0156583525660545,0.0,0.0,nan,nan
A,"A|balanced success, N=800|rho_target=0.20|m=9143|N=800","balanced success, N=800",delta_method,0.5,0.875,0.875,0.875,0.875,9143,800,400,400,0.2,0.19999687504882732,nan,nan,5000,4719,0.9438,0.9370689738970595,0.9498496138565078,0.0032570403743275894,-0.00027273415466216866,0.0002446878908964783,-0.0007523136082723322,0.00020684529894799493,0.01730246605290709,0.017302046692713388,0.0671054175958198,6.171264344239897e-05,nan,0.01715519347549664,0.01715519347549664,0.9915123788633288,0.972603846806541,1.0133350665311147,0.0,0.0,nan,nan
A,"A|balanced success, N=800|rho_target=0.40|m=4571|N=800","balanced success, N=800",textbook_validation_only,0.5,0.875,0.875,0.875,0.875,4571,800,400,400,0.4,0.4000375035159546,nan,nan,5000,4488,0.8976,0.8888890546428595,0.905700468770431,0.0042875223614577225,0.0004502504884154046,0.0002617594182223412,-6.27885439145417e-05,0.0009632895207453509,0.018512811041270394,0.018509185966446302,0.061320454135267925,6.692665253322998e-05,0.015734655187306178,nan,0.015734655187306178,0.8500997945468898,0.8314447323580566,0.8660226677491448,0.0,0.0,nan,nan
A,"A|balanced success, N=800|rho_target=0.40|m=4571|N=800","balanced success, N=800",full_fixed_stratum_bootstrap,0.5,0.875,0.875,0.875,0.875,4571,800,400,400,0.4,0.4000375035159546,nan,nan,5000,4728,0.9456,0.938964415086006,0.9515514089405591,0.003207511184703804,0.0004502504884154046,0.0002617594182223412,-6.27885439145417e-05,0.0009632895207453509,0.018512811041270394,0.018509185966446302,0.07241515040569457,6.866924180486063e-05,0.018573282314039884,nan,0.018573282314039884,1.0034629479497248,0.9842173635371636,1.0225374670434029,0.0,0.0,nan,nan
A,"A|balanced success, N=800|rho_target=0.40|m=4571|N=800","balanced success, N=800",delta_method,0.5,0.875,0.875,0.875,0.875,4571,800,400,400,0.4,0.4000375035159546,nan,nan,5000,4755,0.951,0.9446626045465057,0.9566449282990527,0.0030528347482299146,0.0004502504884154046,0.0002617594182223412,-6.27885439145417e-05,0.0009632895207453509,0.018512811041270394,0.018509185966446302,0.07246980384013987,6.073060389157264e-05,nan,0.01851995751856067,0.01851995751856067,1.0005819570960006,0.9816374264214222,1.0196091222154022,0.0,0.0,nan,nan
A,"A|balanced success, N=800|rho_target=0.75|m=2438|N=800","balanced success, N=800",textbook_validation_only,0.5,0.875,0.875,0.875,0.875,2438,800,400,400,0.75,0.7500292980194537,nan,nan,5000,4246,0.8492,0.8390130834959849,0.8588507534655873,0.005060817325294405,-0.00022644481626948876,0.0002965690600917521,-0.0008077094929782179,0.0003548198604392404,0.02096972486862758,0.02097059934809986,0.06132609086410999,6.768130136339484e-05,0.015734147069919137,nan,0.015734147069919137,0.7502955356087523,0.7363017856107779,0.7656318372427353,0.0,0.0,nan,nan
A,"A|balanced success, N=800|rho_target=0.75|m=2438|N=800","balanced success, N=800",full_fixed_stratum_bootstrap,0.5,0.875,0.875,0.875,0.875,2438,800,400,400,0.75,0.7500292980194537,nan,nan,5000,4730,0.946,0.9393858810432103,0.9519293288217987,0.0031963729444481302,-0.00022644481626948876,0.0002965690600917521,-0.0008077094929782179,0.0003548198604392404,0.02096972486862758,0.02097059934809986,0.08087493960912102,7.142774593828131e-05,0.02073958572877399,nan,0.02073958572877399,0.9889839286187687,0.9696403083270063,1.009790729571677,0.0,0.0,nan,nan
A,"A|balanced success, N=800|rho_target=0.75|m=2438|N=800","balanced success, N=800",delta_method,0.5,0.875,0.875,0.875,0.875,2438,800,400,400,0.75,0.7500292980194537,nan,nan,5000,4761,0.9522,0.945931477658468,0.9577742127024225,0.0030171231330524103,-0.00022644481626948876,0.0002965690600917521,-0.0008077094929782179,0.0003548198604392404,0.02096972486862758,0.02097059934809986,0.08096431139027392,6.236372980145156e-05,nan,0.02068514782391196,0.02068514782391196,0.9863880130725131,0.9661737029767581,1.008457691905428,0.0,0.0,nan,nan
A,"A|balanced success, N=800|rho_target=1.00|m=1829|N=800","balanced success, N=800",textbook_validation_only,0.5,0.875,0.875,0.875,0.875,1829,800,400,400,1.0,0.9997656799187691,nan,nan,5000,4150,0.83,0.8193357541497991,0.8401575625664631,0.005312249994117371,-0.00011491101348021227,0.0003165021220977924,-0.0007352437738223841,0.0005054217468619596,0.022378136593777336,0.022380079679528167,0.06139300638937371,6.793435647008154e-05,0.015750430851106834,nan,0.015750430851106834,0.7037700971866645,0.6887605389168657,0.7182559911826607,0.0,0.0,nan,nan
A,"A|balanced success, N=800|rho_target=1.00|m=1829|N=800","balanced success, N=800",full_fixed_stratum_bootstrap,0.5,0.875,0.875,0.875,0.875,1829,800,400,400,1.0,0.9997656799187691,nan,nan,5000,4724,0.9448,0.9381217657086575,0.9507952866410198,0.0032296427046966053,-0.00011491101348021227,0.0003165021220977924,-0.0007352437738223841,0.0005054217468619596,0.022378136593777336,0.022380079679528167,0.08647903762477853,7.368956314143536e-05,0.022179228756091806,nan,0.022179228756091806,0.9910254598592834,0.9729704584989549,1.0105344752038785,0.0,0.0,nan,nan
A,"A|balanced success, N=800|rho_target=1.00|m=1829|N=800","balanced success, N=800",delta_method,0.5,0.875,0.875,0.875,0.875,1829,800,400,400,1.0,0.9997656799187691,nan,nan,5000,4737,0.9474,0.9408617705245412,0.9532512897750218,0.0031569998416217885,-0.00011491101348021227,0.0003165021220977924,-0.0007352437738223841,0.0005054217468619596,0.022378136593777336,0.022380079679528167,0.08658876763886691,6.331174429542826e-05,nan,0.022118875206927614,0.022118875206927614,0.9883287067632969,0.970216740675948,1.0098521601195745,0.0,0.0,nan,nan
A,"A|balanced success, N=800|rho_target=1.50|m=1219|N=800","balanced success, N=800",textbook_validation_only,0.5,0.875,0.875,0.875,0.875,1219,800,400,400,1.5,1.5000585960389075,nan,nan,5000,3916,0.7832,0.771563246236522,0.7944019273817978,0.005827482475306125,-0.00019028485084182645,0.00034552486543976385,-0.000867501142866812,0.00048693144118315914,0.024430595246077356,0.02443229754210264,0.06151261448781169,6.815952867199104e-05,0.0157913720884982,nan,0.0157913720884982,0.6463318507514868,0.6327185381878998,0.6584837283523974,0.0,0.0,nan,nan
A,"A|balanced success, N=800|rho_target=1.50|m=1219|N=800","balanced success, N=800",full_fixed_stratum_bootstrap,0.5,0.875,0.875,0.875,0.875,1219,800,400,400,1.5,1.5000585960389075,nan,nan,5000,4755,0.951,0.9446626045465057,0.9566449282990527,0.0030528347482299146,-0.00019028485084182645,0.00034552486543976385,-0.000867501142866812,0.00048693144118315914,0.024430595246077356,0.02443229754210264,0.09679204937245624,7.769212042305407e-05,0.024817841019041796,nan,0.024817841019041796,1.015780074562156,0.9981154170664818,1.0375180464356248,0.0,0.0,nan,nan
A,"A|balanced success, N=800|rho_target=1.50|m=1219|N=800","balanced success, N=800",delta_method,0.5,0.875,0.875,0.875,0.875,1219,800,400,400,1.5,1.5000585960389075,nan,nan,5000,4757,0.9514,0.9450854509915316,0.9570214676924709,0.003040987997345599,-0.00019028485084182645,0.00034552486543976385,-0.000867501142866812,0.00048693144118315914,0.024430595246077356,0.02443229754210264,0.09694355320170044,6.506437262828752e-05,nan,0.02475878174971415,0.02475878174971415,1.0133628123613385,0.9932311492870753,1.0342483812013286,0.0,0.0,nan,nan
A,"A|balanced success, N=800|rho_target=2.00|m=914|N=800","balanced success, N=800",textbook_validation_only,0.5,0.875,0.875,0.875,0.875,914,800,400,400,2.0,2.000625195373554,nan,nan,5000,3709,0.7418,0.7294869407989932,0.7537417985403772,0.006189228708005546,-0.00034937368616339004,0.00038215177650717075,-0.0010983774047454446,0.00039963003241866453,0.027021767585230776,0.02702221126107064,0.06144211775154798,6.789582706423615e-05,0.015760164971632,nan,0.015760164971632,0.583230025824599,0.5722268518883765,0.5951593498995037,0.0,0.0,nan,nan
A,"A|balanced success, N=800|rho_target=2.00|m=914|N=800","balanced success, N=800",full_fixed_stratum_bootstrap,0.5,0.875,0.875,0.875,0.875,914,800,400,400,2.0,2.000625195373554,nan,nan,5000,4737,0.9474,0.9408617705245412,0.9532512897750218,0.0031569998416217885,-0.00034937368616339004,0.00038215177650717075,-0.0010983774047454446,0.00039963003241866453,0.027021767585230776,0.02702221126107064,0.10590061948533294,8.185989014685674e-05,0.027154820142038558,nan,0.027154820142038558,1.0049074030132745,0.9846955883726687,1.0277116238593702,0.0,0.0,nan,nan
A,"A|balanced success, N=800|rho_target=2.00|m=914|N=800","balanced success, N=800",delta_method,0.5,0.875,0.875,0.875,0.875,914,800,400,400,2.0,2.000625195373554,nan,nan,5000,4743,0.9486,0.9421277832433311,0.9543834345715637,0.0031227564746550444,-0.00034937368616339004,0.00038215177650717075,-0.0010983774047454446,0.00039963003241866453,0.027021767585230776,0.02702221126107064,0.1060510917884635,6.674175694103247e-05,nan,0.02708111658298837,0.02708111658298837,1.0021798853302057,0.9816411511513317,1.020046493753748,0.0,0.0,nan,nan
A,"A|high success, N=200|rho_target=0.05|m=5361|N=200","high success, N=200",textbook_validation_only,0.8,0.875,0.875,0.875,0.875,5361,200,100,100,0.05,0.050003213372646196,nan,nan,5000,4676,0.9352,0.9280369064172753,0.9416948858097471,0.003481406612276135,0.0005120421894605487,0.0005297169520136272,-0.0005261839584864926,0.00155026833740759,0.037456399098252546,0.03745664488783048,0.14531416094643002,0.0003793367981158856,0.03808160563117502,nan,0.03808160563117502,1.0166849098528734,0.9975100656380397,1.0373327736574824,0.0,0.0,nan,nan
A,"A|high success, N=200|rho_target=0.05|m=5361|N=200","high success, N=200",full_fixed_stratum_bootstrap,0.8,0.875,0.875,0.875,0.875,5361,200,100,100,0.05,0.050003213372646196,nan,nan,5000,4709,0.9418,0.9349650691832874,0.9479565893780602,0.0033109744789110054,0.0005120421894605487,0.0005297169520136272,-0.0005261839584864926,0.00155026833740759,0.037456399098252546,0.03745664488783048,0.14829720880964525,0.0003745939908605318,0.03887604061132073,nan,0.03887604061132073,1.037894363676748,1.0174636852602565,1.0594760984795608,0.0,0.0,nan,nan
A,"A|high success, N=200|rho_target=0.05|m=5361|N=200","high success, N=200",delta_method,0.8,0.875,0.875,0.875,0.875,5361,200,100,100,0.05,0.050003213372646196,nan,nan,5000,4703,0.9406,0.9337037645966569,0.9468197364493588,0.0033428024171344617,0.0005120421894605487,0.0005297169520136272,-0.0005261839584864926,0.00155026833740759,0.037456399098252546,0.03745664488783048,0.14661097260595443,0.0003671272173661475,nan,0.038119683396106996,0.038119683396106996,1.0177014922255339,0.9996236882109466,1.0380236758673624,0.0,0.0,nan,nan
A,"A|high success, N=200|rho_target=0.10|m=2681|N=200","high success, N=200",textbook_validation_only,0.8,0.875,0.875,0.875,0.875,2681,200,100,100,0.1,0.09998777578916682,nan,nan,5000,4659,0.9318,0.9244759105924472,0.9384611020078015,0.0035650739122772765,0.0013339206255046365,0.0005503544886806597,0.00025524564896058674,0.002412595602048686,0.03893490426630953,0.038915939100254954,0.1458714587721566,0.0003823608746444166,0.03829490543477251,nan,0.03829490543477251,0.9840416631374989,0.9654181434566061,1.0044180482266976,0.0,0.0,nan,nan
A,"A|high success, N=200|rho_target=0.10|m=2681|N=200","high success, N=200",full_fixed_stratum_bootstrap,0.8,0.875,0.875,0.875,0.875,2681,200,100,100,0.1,0.09998777578916682,nan,nan,5000,4719,0.9438,0.9370689738970595,0.9498496138565078,0.0032570403743275894,0.0013339206255046365,0.0005503544886806597,0.00025524564896058674,0.002412595602048686,0.03893490426630953,0.038915939100254954,0.1524838953878862,0.0003733919719497472,0.03993845676445615,nan,0.03993845676445615,1.0262750350586938,1.0074998550964895,1.05027622251716,0.0,0.0,nan,nan
A,"A|high success, N=200|rho_target=0.10|m=2681|N=200","high success, N=200",delta_method,0.8,0.875,0.875,0.875,0.875,2681,200,100,100,0.1,0.09998777578916682,nan,nan,5000,4718,0.9436,0.9368584836941273,0.9496604111402182,0.0032624849424939878,0.0013339206255046365,0.0005503544886806597,0.00025524564896058674,0.002412595602048686,0.03893490426630953,0.038915939100254954,0.15071001173513246,0.0003658755624735338,nan,0.03917130898860721,0.03917130898860721,1.006562089834049,0.987196385839254,1.0282717986328715,0.0,0.0,nan,nan
A,"A|high success, N=200|rho_target=0.10|m=2681|N=200","high success, N=200",textbook_plus_target_resampling,0.8,0.875,0.875,0.875,0.875,2681,200,100,100,0.1,0.09998777578916682,nan,nan,5000,4720,0.944,0.9372794866675994,0.9500387940051899,0.0032515842292642535,0.0013339206255046365,0.0005503544886806597,0.00025524564896058674,0.002412595602048686,0.03893490426630953,0.038915939100254954,0.15293062926403536,0.00037343011457481747,0.0400148600870085,nan,0.0400148600870085,1.0282383263043584,1.005872020685912,1.0484540162019047,0.0,0.0,nan,nan
A,"A|high success, N=200|rho_target=0.20|m=1340|N=200","high success, N=200",textbook_validation_only,0.8,0.875,0.875,0.875,0.875,1340,200,100,100,0.2,0.2000501693214599,nan,nan,5000,4599,0.9198,0.91194541020641,0.9270100272405202,0.0038410404840355443,0.001890984451977551,0.0005783086284865373,0.0007575203681951836,0.003024448535759918,0.04093220895868848,0.04089259528215223,0.1463436863564571,0.00039024665397734126,0.038433838955797085,nan,0.038433838955797085,0.9398728227105635,0.9234237928812562,0.959709523930485,0.0,0.0,nan,nan
A,"A|high success, N=200|rho_target=0.20|m=1340|N=200","high success, N=200",full_fixed_stratum_bootstrap,0.8,0.875,0.875,0.875,0.875,1340,200,100,100,0.2,0.2000501693214599,nan,nan,5000,4713,0.9426,0.9358063672939007,0.9487140629443348,0.0032895361375124004,0.001890984451977551,0.0005783086284865373,0.0007575203681951836,0.003024448535759918,0.04093220895868848,0.04089259528215223,0.1595172956552051,0.00037212431477926964,0.04172475807969517,nan,0.04172475807969517,1.020349962916297,1.0013044110829756,1.0397920569350108,0.0,0.0,nan,nan
A,"A|high success, N=200|rho_target=0.20|m=1340|N=200","high success, N=200",delta_method,0.8,0.875,0.875,0.875,0.875,1340,200,100,100,0.2,0.2000501693214599,nan,nan,5000,4704,0.9408,0.9339139292448034,0.9470092647204343,0.0033375248313683007,0.001890984451977551,0.0005783086284865373,0.0007575203681951836,0.003024448535759918,0.04093220895868848,0.04089259528215223,0.15772785947046447,0.00036500467270437814,nan,0.040955784924231846,0.040955784924231846,1.0015452587844724,0.9814633045259383,1.0238764008512837,0.0,0.0,nan,nan
A,"A|high success, N=200|rho_target=0.40|m=670|N=200","high success, N=200",textbook_validation_only,0.8,0.875,0.875,0.875,0.875,670,200,100,100,0.4,0.4001003386429198,nan,nan,5000,4482,0.8964,0.8876466110409388,0.9045447548570199,0.004309687691701106,0.0013454520161425565,0.0006215827138475306,0.00012717228358873002,0.002563731748696383,0.043968730102515965,0.043952535202992624,0.14533812490542844,0.00037852609823239554,0.03820658461694359,nan,0.03820658461694359,0.869269188693857,0.852948265308668,0.8852412408416118,0.0,0.0,nan,nan
A,"A|high success, N=200|rho_target=0.40|m=670|N=200","high success, N=200",full_fixed_stratum_bootstrap,0.8,0.875,0.875,0.875,0.875,670,200,100,100,0.4,0.4001003386429198,nan,nan,5000,4723,0.9446,0.9379111615237397,0.9506061979067155,0.0032351457463304493,0.0013454520161425565,0.0006215827138475306,0.00012717228358873002,0.002563731748696383,0.043968730102515965,0.043952535202992624,0.1711939977185655,0.0003501376677838471,0.04465310893759192,nan,0.04465310893759192,1.0159393248048998,0.9987067164711693,1.0349129541568909,0.0,0.0,nan,nan
A,"A|high success, N=200|rho_target=0.40|m=670|N=200","high success, N=200",delta_method,0.8,0.875,0.875,0.875,0.875,670,200,100,100,0.4,0.4001003386429198,nan,nan,5000,4742,0.9484,0.9419167179483694,0.9541948069473034,0.003128496124338337,0.0013454520161425565,0.0006215827138475306,0.00012717228358873002,0.002563731748696383,0.043968730102515965,0.043952535202992624,0.16948379902105598,0.0003435465720883152,nan,0.04391408248011809,0.04391408248011809,0.9991251307189235,0.9807714584085052,1.0203511735524478,0.0,0.0,nan,nan
A,"A|high success, N=200|rho_target=0.75|m=357|N=200","high success, N=200",textbook_validation_only,0.8,0.875,0.875,0.875,0.875,357,200,100,100,0.75,0.7508885907304096,nan,nan,5000,4243,0.8486,0.8383973671668723,0.858267391037034,0.005069083546362201,0.0014519646584675305,0.0006925561121244511,9.457962143052294e-05,0.002809349695504538,0.04898773733911043,0.04897111232353903,0.1455792271848246,0.00037803144671421697,0.0383548074145566,nan,0.0383548074145566,0.7832129105248142,0.7709082260579107,0.7991580547662133,0.0,0.0,nan,nan
A,"A|high success, N=200|rho_target=0.75|m=357|N=200","high success, N=200",full_fixed_stratum_bootstrap,0.8,0.875,0.875,0.875,0.875,357,200,100,100,0.75,0.7508885907304096,nan,nan,5000,4702,0.9404,0.9334936208290503,0.9466301872977434,0.0033480692943844512,0.0014519646584675305,0.0006925561121244511,9.457962143052294e-05,0.002809349695504538,0.04898773733911043,0.04897111232353903,0.1905739369287449,0.00034092666468050944,0.0497729111732394,nan,0.0497729111732394,1.0163728943791004,0.9959415474720612,1.0364449495287753,0.0,0.0,nan,nan
A,"A|high success, N=200|rho_target=0.75|m=357|N=200","high success, N=200",delta_method,0.8,0.875,0.875,0.875,0.875,357,200,100,100,0.75,0.7508885907304096,nan,nan,5000,4750,0.95,0.9436059649500191,0.9557031032994295,0.0030822070014844896,0.0014519646584675305,0.0006925561121244511,9.457962143052294e-05,0.002809349695504538,0.04898773733911043,0.04897111232353903,0.18921312920112754,0.00032943822702826743,nan,0.04905331996899231,0.04905331996899231,1.0016786967163447,0.9841461278080073,1.0203685359265686,0.0,0.0,nan,nan
A,"A|high success, N=200|rho_target=1.00|m=268|N=200","high success, N=200",textbook_validation_only,0.8,0.875,0.875,0.875,0.875,268,200,100,100,1.0,1.0002508466072995,nan,nan,5000,4107,0.8214,0.8105379734208865,0.8317685477688309,0.005416678687166149,0.0025072451117039707,0.0007488227601803766,0.0010395794709465586,0.003974910752461383,0.053003803385651374,0.05294976516303721,0.14542750984750752,0.0003779421919771333,0.038516942723531525,nan,0.038516942723531525,0.7274242407862302,0.712725595321219,0.7415885249456274,0.0,0.0,nan,nan
A,"A|high success, N=200|rho_target=1.00|m=268|N=200","high success, N=200",full_fixed_stratum_bootstrap,0.8,0.875,0.875,0.875,0.875,268,200,100,100,1.0,1.0002508466072995,nan,nan,5000,4708,0.9416,0.9347547986326759,0.9477671670094499,0.0033163063790910513,0.0025072451117039707,0.0007488227601803766,0.0010395794709465586,0.003974910752461383,0.053003803385651374,0.05294976516303721,0.20294242473056778,0.00034182601444661317,0.0532296814486008,nan,0.0532296814486008,1.0052864499908867,0.9846356588826463,1.0292276814881374,0.0,0.0,nan,nan
A,"A|high success, N=200|rho_target=1.00|m=268|N=200","high success, N=200",delta_method,0.8,0.875,0.875,0.875,0.875,268,200,100,100,1.0,1.0002508466072995,nan,nan,5000,4743,0.9486,0.9421277832433311,0.9543834345715637,0.0031227564746550444,0.0025072451117039707,0.0007488227601803766,0.0010395794709465586,0.003974910752461383,0.053003803385651374,0.05294976516303721,0.20177476575091907,0.00032517014832075087,nan,0.05248607462337042,0.05248607462337042,0.9912428216019646,0.9712899285318001,1.0122608591840851,0.0,0.0,nan,nan
A,"A|high success, N=200|rho_target=1.00|m=268|N=200","high success, N=200",textbook_plus_target_resampling,0.8,0.875,0.875,0.875,0.875,268,200,100,100,1.0,1.0002508466072995,nan,nan,5000,4718,0.9436,0.9368584836941273,0.9496604111402182,0.0032624849424939878,0.0025072451117039707,0.0007488227601803766,0.0010395794709465586,0.003974910752461383,0.053003803385651374,0.05294976516303721,0.20312393415383762,0.00033858542340799456,0.053269917987250205,nan,0.053269917987250205,1.0060463502194432,0.9857840556321529,1.0302180650226458,0.0,0.0,nan,nan
A,"A|high success, N=200|rho_target=1.50|m=179|N=200","high success, N=200",textbook_validation_only,0.8,0.875,0.875,0.875,0.875,179,200,100,100,1.5,1.4975822731327164,nan,nan,5000,3906,0.7812,0.7695269298958711,0.7924413145302287,0.00584682067452047,0.001522077582080339,0.0008220912245039557,-8.91916099538463e-05,0.003133346774114524,0.05814474003051808,0.05813062796006996,0.14472504117142543,0.00037175326240335794,0.03845250183114378,nan,0.03845250183114378,0.6614843702971328,0.6501696260777495,0.6748929210695811,0.0,0.0,nan,nan
A,"A|high success, N=200|rho_target=1.50|m=179|N=200","high success, N=200",full_fixed_stratum_bootstrap,0.8,0.875,0.875,0.875,0.875,179,200,100,100,1.5,1.4975822731327164,nan,nan,5000,4726,0.9452,0.9385430436311213,0.951173394557,0.003218600938296016,0.001522077582080339,0.0008220912245039557,-8.91916099538463e-05,0.003133346774114524,0.05814474003051808,0.05813062796006996,0.2243807750045443,0.00035154953168091543,0.059098665345828465,nan,0.059098665345828465,1.0166527942279147,0.997174247473002,1.0356864131484778,0.0,0.0,nan,nan
A,"A|high success, N=200|rho_target=1.50|m=179|N=200","high success, N=200",delta_method,0.8,0.875,0.875,0.875,0.875,179,200,100,100,1.5,1.4975822731327164,nan,nan,5000,4749,0.9498,0.9433947174802964,0.9555146578499303,0.003088040155179334,0.001522077582080339,0.0008220912245039557,-8.91916099538463e-05,0.003133346774114524,0.05814474003051808,0.05813062796006996,0.22357251532319156,0.0003280327376869489,nan,0.05836437934845202,0.05836437934845202,1.0040211399151344,0.985141525694811,1.0235409018691084,0.0,0.0,nan,nan
A,"A|high success, N=200|rho_target=2.00|m=134|N=200","high success, N=200",textbook_validation_only,0.8,0.875,0.875,0.875,0.875,134,200,100,100,2.0,2.000501693214599,nan,nan,5000,3638,0.7276,0.7150888329547261,0.7397617091198839,0.006296002541295548,-0.0012130609891020105,0.0009098391619166247,-0.0029963129781827016,0.0005701909999786805,0.0643403466920132,0.06433534411803306,0.14340499164462747,0.0003680832929189233,0.03816788937776425,nan,0.03816788937776425,0.593264711660505,0.5816391637118681,0.6043043344236534,0.0,0.0,nan,nan
A,"A|high success, N=200|rho_target=2.00|m=134|N=200","high success, N=200",full_fixed_stratum_bootstrap,0.8,0.875,0.875,0.875,0.875,134,200,100,100,2.0,2.000501693214599,nan,nan,5000,4698,0.9396,0.932653252615064,0.9458717838348417,0.0033690307211422105,-0.0012130609891020105,0.0009098391619166247,-0.0029963129781827016,0.0005701909999786805,0.0643403466920132,0.06433534411803306,0.24332633066152567,0.00037986414777340565,0.06436293099487439,nan,0.06436293099487439,1.0004287981547237,0.9805823068686591,1.018389130065321,0.0,0.0,nan,nan
A,"A|high success, N=200|rho_target=2.00|m=134|N=200","high success, N=200",delta_method,0.8,0.875,0.875,0.875,0.875,134,200,100,100,2.0,2.000501693214599,nan,nan,5000,4730,0.946,0.9393858810432103,0.9519293288217987,0.0031963729444481302,-0.0012130609891020105,0.0009098391619166247,-0.0029963129781827016,0.0005701909999786805,0.0643403466920132,0.06433534411803306,0.2428394765828701,0.00034855098115315985,nan,0.06365567613739441,0.06365567613739441,0.9894355429359064,0.9686864716930235,1.0086075095445042,0.0,0.0,nan,nan
A,"A|high success, N=200|rho_target=2.00|m=134|N=200","high success, N=200",textbook_plus_target_resampling,0.8,0.875,0.875,0.875,0.875,134,200,100,100,2.0,2.000501693214599,nan,nan,5000,4697,0.9394,0.9324432117954192,0.9456821317352647,0.0033742448043969776,-0.0012130609891020105,0.0009098391619166247,-0.0029963129781827016,0.0005701909999786805,0.0643403466920132,0.06433534411803306,0.24348468481789895,0.00037996000447508983,0.06443490834886073,nan,0.06443490834886073,1.0015475821602042,0.9851065473071517,1.0232479859635284,0.0,0.0,nan,nan
A,"A|high success, N=800|rho_target=0.05|m=21445|N=800","high success, N=800",textbook_validation_only,0.8,0.875,0.875,0.875,0.875,21445,800,400,400,0.05,0.05000088167698881,nan,nan,5000,4682,0.9364,0.929294985071857,0.9428349646704972,0.0034512328232097003,0.0007193675235280805,0.00026592789419528927,0.00019815842842073545,0.0012405766186354256,0.01881581772192483,0.018803941729214776,0.07164689655008513,0.00010121056571175002,0.018447148635907396,nan,0.018447148635907396,0.9810256222633871,0.9623971450387429,1.0026166820456353,0.0,0.0,nan,nan
A,"A|high success, N=800|rho_target=0.05|m=21445|N=800","high success, N=800",full_fixed_stratum_bootstrap,0.8,0.875,0.875,0.875,0.875,21445,800,400,400,0.05,0.05000088167698881,nan,nan,5000,4713,0.9426,0.9358063672939007,0.9487140629443348,0.0032895361375124004,0.0007193675235280805,0.00026592789419528927,0.00019815842842073545,0.0012405766186354256,0.01881581772192483,0.018803941729214776,0.07330254811476283,9.887917347096264e-05,0.018868361978137058,nan,0.018868361978137058,1.0034258906908966,0.9843847593068685,1.0229946077631247,0.0,0.0,nan,nan
A,"A|high success, N=800|rho_target=0.05|m=21445|N=800","high success, N=800",delta_method,0.8,0.875,0.875,0.875,0.875,21445,800,400,400,0.05,0.05000088167698881,nan,nan,5000,4731,0.9462,0.9395966497681233,0.952118253016108,0.0031907854832313614,0.0007193675235280805,0.00026592789419528927,0.00019815842842073545,0.0012405766186354256,0.01881581772192483,0.018803941729214776,0.07333465029431215,9.409921564090233e-05,nan,0.01878499556983352,0.01878499556983352,0.9989924368170201,0.9822957063465303,1.0183220609130275,0.0,0.0,nan,nan
A,"A|high success, N=800|rho_target=0.10|m=10723|N=800","high success, N=800",textbook_validation_only,0.8,0.875,0.875,0.875,0.875,10723,800,400,400,0.1,0.09999710039755899,nan,nan,5000,4667,0.9334,0.926151031491673,0.9399835244623516,0.0035260300622654934,0.0005778380879466471,0.00027628525693296327,3.632893489864382e-05,0.0011193472409946506,0.019542908670544694,0.019536317871916592,0.07156811605770738,0.00010182591355451687,0.018423838771214347,nan,0.018423838771214347,0.9430558456308991,0.9260125371844798,0.9621812325782715,0.0,0.0,nan,nan
A,"A|high success, N=800|rho_target=0.10|m=10723|N=800","high success, N=800",full_fixed_stratum_bootstrap,0.8,0.875,0.875,0.875,0.875,10723,800,400,400,0.1,0.09999710039755899,nan,nan,5000,4743,0.9486,0.9421277832433311,0.9543834345715637,0.0031227564746550444,0.0005778380879466471,0.00027628525693296327,3.632893489864382e-05,0.0011193472409946506,0.019542908670544694,0.019536317871916592,0.07502942339075619,0.0001012791835235808,0.01930555583329716,nan,0.01930555583329716,0.9881880485292905,0.9685644833248965,1.00847747411515,0.0,0.0,nan,nan
A,"A|high success, N=800|rho_target=0.10|m=10723|N=800","high success, N=800",delta_method,0.8,0.875,0.875,0.875,0.875,10723,800,400,400,0.1,0.09999710039755899,nan,nan,5000,4742,0.9484,0.9419167179483694,0.9541948069473034,0.003128496124338337,0.0005778380879466471,0.00027628525693296327,3.632893489864382e-05,0.0011193472409946506,0.019542908670544694,0.019536317871916592,0.07502333222115064,9.548780601738061e-05,nan,0.019216295733329728,0.019216295733329728,0.9836191169346761,0.9642393614727481,1.0017782957949075,0.0,0.0,nan,nan
A,"A|high success, N=800|rho_target=0.20|m=5361|N=800","high success, N=800",textbook_validation_only,0.8,0.875,0.875,0.875,0.875,5361,800,400,400,0.2,0.20001285349058479,nan,nan,5000,4602,0.9204,0.9125706640142387,0.9275838521903573,0.003827893415444061,0.0002977953781464482,0.0002832399858522071,-0.0002573447931055122,0.0008529355493984086,0.020028302602204017,0.020028091469927744,0.07137684338375712,0.00010153464518796942,0.018382678905708404,nan,0.018382678905708404,0.9178447648549073,0.8964994191132946,0.936725943424136,0.0,0.0,nan,nan
A,"A|high success, N=800|rho_target=0.20|m=5361|N=800","high success, N=800",full_fixed_stratum_bootstrap,0.8,0.875,0.875,0.875,0.875,5361,800,400,400,0.2,0.20001285349058479,nan,nan,5000,4728,0.9456,0.938964415086006,0.9515514089405591,0.003207511184703804,0.0002977953781464482,0.0002832399858522071,-0.0002573447931055122,0.0008529355493984086,0.020028302602204017,0.020028091469927744,0.07816571956437805,9.829688138795236e-05,0.02009556563943337,nan,0.02009556563943337,1.0033689765001792,0.9849867517290166,1.0260216005192566,0.0,0.0,nan,nan
A,"A|high success, N=800|rho_target=0.20|m=5361|N=800","high success, N=800",delta_method,0.8,0.875,0.875,0.875,0.875,5361,800,400,400,0.2,0.20001285349058479,nan,nan,5000,4732,0.9464,0.9398074424904064,0.9523071532130467,0.0031851857088716186,0.0002977953781464482,0.0002832399858522071,-0.0002573447931055122,0.0008529355493984086,0.020028302602204017,0.020028091469927744,0.07815318830122374,9.181433423021176e-05,nan,0.020006063929206074,0.020006063929206074,0.9989001677591325,0.9807512026229669,1.0194163180634048,0.0,0.0,nan,nan
A,"A|high success, N=800|rho_target=0.40|m=2681|N=800","high success, N=800",textbook_validation_only,0.8,0.875,0.875,0.875,0.875,2681,800,400,400,0.4,0.39995110315666726,nan,nan,5000,4468,0.8936,0.8847489338057319,0.9018467312231191,0.0043607118684912,0.00010537718048653222,0.00030664490181681595,-0.000495635783117248,0.0007063901440903125,0.02168115661826141,0.021683068949095365,0.0714040866598478,9.939683287821526e-05,0.018377082690966665,nan,0.018377082690966665,0.8475314418872136,0.8328479604360178,0.862408801221479,0.0,0.0,nan,nan
A,"A|high success, N=800|rho_target=0.40|m=2681|N=800","high success, N=800",full_fixed_stratum_bootstrap,0.8,0.875,0.875,0.875,0.875,2681,800,400,400,0.4,0.39995110315666726,nan,nan,5000,4732,0.9464,0.9398074424904064,0.9523071532130467,0.0031851857088716186,0.00010537718048653222,0.00030664490181681595,-0.000495635783117248,0.0007063901440903125,0.02168115661826141,0.021683068949095365,0.0843599989999042,9.577236868768409e-05,0.021677475822870836,nan,0.021677475822870836,0.9997420509874474,0.9810591689243215,1.02028362116057,0.0,0.0,nan,nan
A,"A|high success, N=800|rho_target=0.40|m=2681|N=800","high success, N=800",delta_method,0.8,0.875,0.875,0.875,0.875,2681,800,400,400,0.4,0.39995110315666726,nan,nan,5000,4726,0.9452,0.9385430436311213,0.951173394557,0.003218600938296016,0.00010537718048653222,0.00030664490181681595,-0.000495635783117248,0.0007063901440903125,0.02168115661826141,0.021683068949095365,0.08441813974939798,8.894522319585779e-05,nan,0.02159530919352872,0.02159530919352872,0.9959526137295106,0.9789064235775622,1.0151565200365904,0.0,0.0,nan,nan
A,"A|high success, N=800|rho_target=0.75|m=1430|N=800","high success, N=800",textbook_validation_only,0.8,0.875,0.875,0.875,0.875,1430,800,400,400,0.75,0.7498383968972203,nan,nan,5000,4310,0.862,0.8521617579325518,0.8712824258592269,0.0048776223716068875,-3.429022702283735e-05,0.00034368056081809895,-0.000707891748412839,0.0006393112943671643,0.02429947939592534,0.024301885511647345,0.07141757711941164,0.00010158459574568214,0.01838270034746821,nan,0.01838270034746821,0.7564310324257678,0.7429905238023021,0.7715643734757262,0.0,0.0,nan,nan
A,"A|high success, N=800|rho_target=0.75|m=1430|N=800","high success, N=800",full_fixed_stratum_bootstrap,0.8,0.875,0.875,0.875,0.875,1430,800,400,400,0.75,0.7498383968972203,nan,nan,5000,4713,0.9426,0.9358063672939007,0.9487140629443348,0.0032895361375124004,-3.429022702283735e-05,0.00034368056081809895,-0.000707891748412839,0.0006393112943671643,0.02429947939592534,0.024301885511647345,0.09434935297667804,9.766511800069727e-05,0.024212596092182802,nan,0.024212596092182802,0.9963258233842905,0.9760944782700186,1.0159123426767664,0.0,0.0,nan,nan
A,"A|high success, N=800|rho_target=0.75|m=1430|N=800","high success, N=800",delta_method,0.8,0.875,0.875,0.875,0.875,1430,800,400,400,0.75,0.7498383968972203,nan,nan,5000,4720,0.944,0.9372794866675994,0.9500387940051899,0.0032515842292642535,-3.429022702283735e-05,0.00034368056081809895,-0.000707891748412839,0.0006393112943671643,0.02429947939592534,0.024301885511647345,0.09440343331105247,8.7898033451791e-05,nan,0.024135079597695185,0.024135079597695185,0.9931360916883502,0.9764430633926088,1.0147299158878724,0.0,0.0,nan,nan
A,"A|high success, N=800|rho_target=1.00|m=1072|N=800","high success, N=800",textbook_validation_only,0.8,0.875,0.875,0.875,0.875,1072,800,400,400,1.0,1.0002508466072995,nan,nan,5000,4146,0.8292,0.818516957523264,0.8393775875161105,0.005322167979310686,0.0003448482863671609,0.0003667994372287022,-0.0003740654001506557,0.0010637619728849775,0.025936335791123664,0.02593663693998247,0.07151623193431499,0.00010157484862546405,0.018410660210585208,nan,0.018410660210585208,0.7098322058171067,0.6982500622443665,0.7248834228629745,0.0,0.0,nan,nan
A,"A|high success, N=800|rho_target=1.00|m=1072|N=800","high success, N=800",full_fixed_stratum_bootstrap,0.8,0.875,0.875,0.875,0.875,1072,800,400,400,1.0,1.0002508466072995,nan,nan,5000,4723,0.9446,0.9379111615237397,0.9506061979067155,0.0032351457463304493,0.0003448482863671609,0.0003667994372287022,-0.0003740654001506557,0.0010637619728849775,0.025936335791123664,0.02593663693998247,0.10090309607863389,9.828247268760121e-05,0.025894395231573848,nan,0.025894395231573848,0.9983713498204733,0.9802285788914292,1.0179220550635313,0.0,0.0,nan,nan
A,"A|high success, N=800|rho_target=1.00|m=1072|N=800","high success, N=800",delta_method,0.8,0.875,0.875,0.875,0.875,1072,800,400,400,1.0,1.0002508466072995,nan,nan,5000,4737,0.9474,0.9408617705245412,0.9532512897750218,0.0031569998416217885,0.0003448482863671609,0.0003667994372287022,-0.0003740654001506557,0.0010637619728849775,0.025936335791123664,0.02593663693998247,0.10100820851866629,8.670061757750082e-05,nan,0.025815282910807872,0.025815282910807872,0.9953211347540774,0.9762388112545209,1.0161321031762545,0.0,0.0,nan,nan
A,"A|high success, N=800|rho_target=1.50|m=715|N=800","high success, N=800",textbook_validation_only,0.8,0.875,0.875,0.875,0.875,715,800,400,400,1.5,1.4996767937944406,nan,nan,5000,3920,0.784,0.7723778832885122,0.7951860620066955,0.005819690713431427,0.00022153977358374544,0.00040783440865369865,-0.0005778009790336945,0.0010208805262011853,0.02883621465060832,0.02883824759602359,0.07138424564824407,0.00010238563675674933,0.01838558384114524,nan,0.01838558384114524,0.6375416460353981,0.6255631129308479,0.6511110527498107,0.0,0.0,nan,nan
A,"A|high success, N=800|rho_target=1.50|m=715|N=800","high success, N=800",full_fixed_stratum_bootstrap,0.8,0.875,0.875,0.875,0.875,715,800,400,400,1.5,1.4996767937944406,nan,nan,5000,4742,0.9484,0.9419167179483694,0.9541948069473034,0.003128496124338337,0.00022153977358374544,0.00040783440865369865,-0.0005778009790336945,0.0010208805262011853,0.02883621465060832,0.02883824759602359,0.11270117492701735,0.00010104705022903417,0.028912363798831536,nan,0.028912363798831536,1.00257006610964,0.983792805589276,1.0227916919710323,0.0,0.0,nan,nan
A,"A|high success, N=800|rho_target=1.50|m=715|N=800","high success, N=800",delta_method,0.8,0.875,0.875,0.875,0.875,715,800,400,400,1.5,1.4996767937944406,nan,nan,5000,4756,0.9512,0.9448740139966793,0.9568332117681014,0.0030469184432800286,0.00022153977358374544,0.00040783440865369865,-0.0005778009790336945,0.0010208805262011853,0.02883621465060832,0.02883824759602359,0.11276086838541874,8.841486618699981e-05,nan,0.028810226896186324,0.028810226896186324,0.9990283494257423,0.9795032144538055,1.019852330789962,0.0,0.0,nan,nan
A,"A|high success, N=800|rho_target=2.00|m=536|N=800","high success, N=800",textbook_validation_only,0.8,0.875,0.875,0.875,0.875,536,800,400,400,2.0,2.000501693214599,nan,nan,5000,3694,0.7388,0.7264437292559858,0.7507896162950549,0.006212480342021212,0.0005270931695203762,0.0004436439235129907,-0.0003424329425251281,0.0013966192815658804,0.031371653791735093,0.031370362674824175,0.0715462179266126,0.00010449096497112526,0.018426513027846453,nan,0.018426513027846453,0.5873860375428296,0.5764158809339927,0.5992954460456442,0.0,0.0,nan,nan
A,"A|high success, N=800|rho_target=2.00|m=536|N=800","high success, N=800",full_fixed_stratum_bootstrap,0.8,0.875,0.875,0.875,0.875,536,800,400,400,2.0,2.000501693214599,nan,nan,5000,4758,0.9516,0.9452969156918606,0.957209695911364,0.0030350433275325743,0.0005270931695203762,0.0004436439235129907,-0.0003424329425251281,0.0013966192815658804,0.031371653791735093,0.031370362674824175,0.1235085790734028,0.00010520072328419768,0.03165684967762809,nan,0.03165684967762809,1.0091324096496288,0.9902640066890857,1.028039934367303,0.0,0.0,nan,nan
A,"A|high success, N=800|rho_target=2.00|m=536|N=800","high success, N=800",delta_method,0.8,0.875,0.875,0.875,0.875,536,800,400,400,2.0,2.000501693214599,nan,nan,5000,4772,0.9544,0.9482604246805078,0.9598418877918244,0.002950275919299752,0.0005270931695203762,0.0004436439235129907,-0.0003424329425251281,0.0013966192815658804,0.031371653791735093,0.031370362674824175,0.12363554982572698,9.077246250473563e-05,nan,0.03158352752300113,0.03158352752300113,1.0067951030846074,0.9890781642455919,1.0283569944783721,0.0,0.0,nan,nan
A,"A|high success, asymmetric, N=400|rho_target=0.05|m=17391|N=400","high success, asymmetric, N=400",textbook_validation_only,0.8,0.95,0.8,0.95,0.8,17391,400,200,200,0.05,0.050000875015312723,nan,nan,5000,4647,0.9294,0.9219652854931775,0.9361754120764076,0.0036225858167888863,-0.00029474406692020505,0.00026603244464761325,-0.0008161580771486725,0.00022666994330826243,0.01881176251256927,0.01881133456259622,0.071384250329522,0.0001586851135424142,0.01849226116186385,nan,0.01849226116186385,0.9830382368847556,0.9640862045326241,1.0017568611163452,0.0,0.0,nan,nan
A,"A|high success, asymmetric, N=400|rho_target=0.05|m=17391|N=400","high success, asymmetric, N=400",full_fixed_stratum_bootstrap,0.8,0.95,0.8,0.95,0.8,17391,400,200,200,0.05,0.050000875015312723,nan,nan,5000,4683,0.9366,0.9295047307968795,0.9430249118646968,0.0034461700480388374,-0.00029474406692020505,0.00026603244464761325,-0.0008161580771486725,0.00022666994330826243,0.01881176251256927,0.01881133456259622,0.07303386577797043,0.00015574178694964397,0.01890070373083215,nan,0.01890070373083215,1.0047508148844277,0.9849648878658416,1.02489953053015,0.0,0.0,nan,nan
A,"A|high success, asymmetric, N=400|rho_target=0.05|m=17391|N=400","high success, asymmetric, N=400",delta_method,0.8,0.95,0.8,0.95,0.8,17391,400,200,200,0.05,0.050000875015312723,nan,nan,5000,4699,0.9398,0.9328633138329866,0.9460614155361412,0.0033638061775316374,-0.00029474406692020505,0.00026603244464761325,-0.0008161580771486725,0.00022666994330826243,0.01881176251256927,0.01881133456259622,0.07267936086776211,0.00015151488646900953,nan,0.01874131878215326,0.01874131878215326,0.9962780003614322,0.9772546665320551,1.0165657155702468,0.0,0.0,nan,nan
A,"A|high success, asymmetric, N=400|rho_target=0.10|m=8696|N=400","high success, asymmetric, N=400",textbook_validation_only,0.8,0.95,0.8,0.95,0.8,8696,400,200,200,0.1,0.0999960001599935,nan,nan,5000,4636,0.9272,0.9196659595047655,0.9340781159533779,0.0036742389688206177,-3.934746302336478e-06,0.00027017335917445484,-0.0005334647998664722,0.0005255953072617992,0.019102231332393235,0.019104141436820574,0.07140269923207897,0.0001592792203622129,0.01849799946493163,nan,0.01849799946493163,0.9682716978465888,0.9496549785197733,0.9856021132681854,0.0,0.0,nan,nan
A,"A|high success, asymmetric, N=400|rho_target=0.10|m=8696|N=400","high success, asymmetric, N=400",full_fixed_stratum_bootstrap,0.8,0.95,0.8,0.95,0.8,8696,400,200,200,0.1,0.0999960001599935,nan,nan,5000,4710,0.942,0.935175361220281,0.9481459902602886,0.003305631558416638,-3.934746302336478e-06,0.00027017335917445484,-0.0005334647998664722,0.0005255953072617992,0.019102231332393235,0.019104141436820574,0.07489430355699789,0.00015411720653456837,0.01935020626940836,nan,0.01935020626940836,1.0128801827290457,0.9924222637702516,1.0323221686547863,0.0,0.0,nan,nan
A,"A|high success, asymmetric, N=400|rho_target=0.10|m=8696|N=400","high success, asymmetric, N=400",delta_method,0.8,0.95,0.8,0.95,0.8,8696,400,200,200,0.1,0.0999960001599935,nan,nan,5000,4716,0.9432,0.936437570542497,0.9492819384534046,0.0032733395790843322,-3.934746302336478e-06,0.00027017335917445484,-0.0005334647998664722,0.0005255953072617992,0.019102231332393235,0.019104141436820574,0.07445917486167591,0.00015036079323491793,nan,0.019187668968054954,0.019187668968054954,1.0043722211495667,0.9853913780843399,1.0230654068924316,0.0,0.0,nan,nan
A,"A|high success, asymmetric, N=400|rho_target=0.20|m=4348|N=400","high success, asymmetric, N=400",textbook_validation_only,0.8,0.95,0.8,0.95,0.8,4348,400,200,200,0.2,0.199992000319987,nan,nan,5000,4597,0.9194,0.9115286433164798,0.9266274082920063,0.0038497698632515686,0.0003934157882087286,0.0002830404519418158,-0.0001613333037651704,0.0009481648801826276,0.020015847502969072,0.020013982291816307,0.07155943542720754,0.00015774437842094952,0.018521504448093,nan,0.018521504448093,0.9254282420179027,0.9080695919291344,0.9470334404409945,0.0,0.0,nan,nan
A,"A|high success, asymmetric, N=400|rho_target=0.20|m=4348|N=400","high success, asymmetric, N=400",full_fixed_stratum_bootstrap,0.8,0.95,0.8,0.95,0.8,4348,400,200,200,0.2,0.199992000319987,nan,nan,5000,4707,0.9414,0.9345445494653359,0.9475777232575677,0.0033216273120264404,0.0003934157882087286,0.0002830404519418158,-0.0001613333037651704,0.0009481648801826276,0.020015847502969072,0.020013982291816307,0.07831852285527499,0.00015229829655608276,0.020220101221150987,nan,0.020220101221150987,1.0102987464628148,0.9894230514464726,1.031724614767763,0.0,0.0,nan,nan
A,"A|high success, asymmetric, N=400|rho_target=0.20|m=4348|N=400","high success, asymmetric, N=400",delta_method,0.8,0.95,0.8,0.95,0.8,4348,400,200,200,0.2,0.199992000319987,nan,nan,5000,4737,0.9474,0.9408617705245412,0.9532512897750218,0.0031569998416217885,0.0003934157882087286,0.0002830404519418158,-0.0001613333037651704,0.0009481648801826276,0.020015847502969072,0.020013982291816307,0.07792356286384886,0.0001460576222564935,nan,0.020052629399641444,0.020052629399641444,1.0019310053972088,0.9840475516666405,1.0216258316557285,0.0,0.0,nan,nan
A,"A|high success, asymmetric, N=400|rho_target=0.40|m=2174|N=400","high success, asymmetric, N=400",textbook_validation_only,0.8,0.95,0.8,0.95,0.8,2174,400,200,200,0.4,0.399984000639974,nan,nan,5000,4474,0.8948,0.8859905654489446,0.9030032570952384,0.004338962087873089,0.00023587230247712476,0.0003044194906697666,-0.0003607789354276448,0.0008325235403818943,0.02152484833895414,0.021525708617794688,0.07165271045987123,0.0001576966146231282,0.018546579197862238,nan,0.018546579197862238,0.8616013310953355,0.8454591644336469,0.8772690842785451,0.0,0.0,nan,nan
A,"A|high success, asymmetric, N=400|rho_target=0.40|m=2174|N=400","high success, asymmetric, N=400",full_fixed_stratum_bootstrap,0.8,0.95,0.8,0.95,0.8,2174,400,200,200,0.4,0.399984000639974,nan,nan,5000,4722,0.9444,0.9377005803660425,0.9504170861451908,0.003240636974423392,0.00023587230247712476,0.0003044194906697666,-0.0003607789354276448,0.0008325235403818943,0.02152484833895414,0.021525708617794688,0.08466349059113405,0.00014688738049420524,0.021798048635336673,nan,0.021798048635336673,1.0126518491157521,0.9936779436225474,1.0313518803145323,0.0,0.0,nan,nan
A,"A|high success, asymmetric, N=400|rho_target=0.40|m=2174|N=400","high success, asymmetric, N=400",delta_method,0.8,0.95,0.8,0.95,0.8,2174,400,200,200,0.4,0.399984000639974,nan,nan,5000,4748,0.9496,0.9431834964737694,0.9553261859372354,0.0030938597253269257,0.00023587230247712476,0.0003044194906697666,-0.0003607789354276448,0.0008325235403818943,0.02152484833895414,0.021525708617794688,0.0842331658069382,0.00013986115045529462,nan,0.02163601714074502,0.02163601714074502,1.0051245013536578,0.9839413570036724,1.0237573407105607,0.0,0.0,nan,nan
A,"A|high success, asymmetric, N=400|rho_target=0.75|m=1159|N=400","high success, asymmetric, N=400",textbook_validation_only,0.8,0.95,0.8,0.95,0.8,1159,400,200,200,0.75,0.7502719735904259,nan,nan,5000,4263,0.8526,0.8425031765634645,0.8621554400248814,0.0050134467185759535,-0.000800104594380735,0.00033949886129551617,-0.001465510135312306,-0.000134699053449164,0.024017124973441113,0.02400619470271706,0.07136601729865251,0.00015702388490802476,0.018482654074361612,nan,0.018482654074361612,0.7699118624689699,0.7561137302155451,0.7851816864765652,0.0,0.0,nan,nan
A,"A|high success, asymmetric, N=400|rho_target=0.75|m=1159|N=400","high success, asymmetric, N=400",full_fixed_stratum_bootstrap,0.8,0.95,0.8,0.95,0.8,1159,400,200,200,0.75,0.7502719735904259,nan,nan,5000,4732,0.9464,0.9398074424904064,0.9523071532130467,0.0031851857088716186,-0.000800104594380735,0.00033949886129551617,-0.001465510135312306,-0.000134699053449164,0.024017124973441113,0.02400619470271706,0.09434786232898892,0.00014262650413506667,0.024263692560388305,nan,0.024263692560388305,1.0107263088073721,0.9926340252969414,1.0294766324293052,0.0,0.0,nan,nan
A,"A|high success, asymmetric, N=400|rho_target=0.75|m=1159|N=400","high success, asymmetric, N=400",delta_method,0.8,0.95,0.8,0.95,0.8,1159,400,200,200,0.75,0.7502719735904259,nan,nan,5000,4767,0.9534,0.9472013721052741,0.9589024757709483,0.0029808871162793123,-0.000800104594380735,0.00033949886129551617,-0.001465510135312306,-0.000134699053449164,0.024017124973441113,0.02400619470271706,0.09405601921558966,0.0001347008780816924,nan,0.024117016517967795,0.024117016517967795,1.0046163840884867,0.985937515597717,1.0222597740722217,0.0,0.0,nan,nan
A,"A|high success, asymmetric, N=400|rho_target=1.00|m=870|N=400","high success, asymmetric, N=400",textbook_validation_only,0.8,0.95,0.8,0.95,0.8,870,400,200,200,1.0,0.9995002498750616,nan,nan,5000,4050,0.81,0.7988897556191845,0.8206342691748802,0.005547972602672078,0.00020370314362838648,0.00037697554723162925,-0.0005351553519978849,0.0009425616392546579,0.026654309228724075,0.02665619657889947,0.07141362158764314,0.00015971691864003157,0.01849947892661815,nan,0.01849947892661815,0.6940029449385882,0.6800063428433896,0.7077474868927162,0.0,0.0,nan,nan
A,"A|high success, asymmetric, N=400|rho_target=1.00|m=870|N=400","high success, asymmetric, N=400",full_fixed_stratum_bootstrap,0.8,0.95,0.8,0.95,0.8,870,400,200,200,1.0,0.9995002498750616,nan,nan,5000,4681,0.9362,0.9290852583265168,0.9426449984966154,0.0034562858678066537,0.00020370314362838648,0.00037697554723162925,-0.0005351553519978849,0.0009425616392546579,0.026654309228724075,0.02665619657889947,0.10080654179730669,0.00014254300430093054,0.0259098877997933,nan,0.0259098877997933,0.9720024281447214,0.9547122733637522,0.9920007999516203,0.0,0.0,nan,nan
A,"A|high success, asymmetric, N=400|rho_target=1.00|m=870|N=400","high success, asymmetric, N=400",delta_method,0.8,0.95,0.8,0.95,0.8,870,400,200,200,1.0,0.9995002498750616,nan,nan,5000,4719,0.9438,0.9370689738970595,0.9498496138565078,0.0032570403743275894,0.00020370314362838648,0.00037697554723162925,-0.0005351553519978849,0.0009425616392546579,0.026654309228724075,0.02665619657889947,0.10051396880258266,0.0001350321185086554,nan,0.025757200569057864,0.025757200569057864,0.9662744080093845,0.946566850357418,0.985756871283186,0.0,0.0,nan,nan
A,"A|high success, asymmetric, N=400|rho_target=1.50|m=580|N=400","high success, asymmetric, N=400",textbook_validation_only,0.8,0.95,0.8,0.95,0.8,580,400,200,200,1.5,1.4992503748125923,nan,nan,5000,3870,0.774,0.7621994062571971,0.7853798930769118,0.005914795009127535,-0.0002770459443679485,0.00040099925799493545,-0.0010629900478653074,0.0005088981591294103,0.028353447384979878,0.028354929457899275,0.07127966234234276,0.00015512005396167767,0.018459440458588612,nan,0.018459440458588612,0.6510134502713805,0.6394914251875976,0.6635873261210203,0.0,0.0,nan,nan
A,"A|high success, asymmetric, N=400|rho_target=1.50|m=580|N=400","high success, asymmetric, N=400",full_fixed_stratum_bootstrap,0.8,0.95,0.8,0.95,0.8,580,400,200,200,1.5,1.4992503748125923,nan,nan,5000,4740,0.948,0.9414946635808875,0.9538174754763412,0.00313993630508646,-0.0002770459443679485,0.00040099925799493545,-0.0010629900478653074,0.0005088981591294103,0.028353447384979878,0.028354929457899275,0.11249226985029329,0.00014323850652870674,0.028894493842454263,nan,0.028894493842454263,1.0190289446974685,0.9991656984829228,1.0389929272742344,0.0,0.0,nan,nan
A,"A|high success, asymmetric, N=400|rho_target=1.50|m=580|N=400","high success, asymmetric, N=400",delta_method,0.8,0.95,0.8,0.95,0.8,580,400,200,200,1.5,1.4992503748125923,nan,nan,5000,4760,0.952,0.9457199288603764,0.957586068581292,0.0030231109804305907,-0.0002770459443679485,0.00040099925799493545,-0.0010629900478653074,0.0005088981591294103,0.028353447384979878,0.028354929457899275,0.11227026772856238,0.0001320758386318657,nan,0.028739803334811607,0.028739803334811607,1.0135734379972197,0.9949418831130153,1.0331901967251274,0.0,0.0,nan,nan
A,"A|high success, asymmetric, N=400|rho_target=2.00|m=435|N=400","high success, asymmetric, N=400",textbook_validation_only,0.8,0.95,0.8,0.95,0.8,435,400,200,200,2.0,1.9990004997501232,nan,nan,5000,3632,0.7264,0.7138728272523187,0.7385795573069596,0.006304649712712039,0.00037287650631123714,0.000452353100523465,-0.0005137192790097809,0.0012594722916322552,0.031985169240248926,0.03198619448709021,0.07162500179858819,0.00016038787276189006,0.018559145083883566,nan,0.018559145083883566,0.5802236052611426,0.5696611903858116,0.5908185070230227,0.0,0.0,nan,nan
A,"A|high success, asymmetric, N=400|rho_target=2.00|m=435|N=400","high success, asymmetric, N=400",full_fixed_stratum_bootstrap,0.8,0.95,0.8,0.95,0.8,435,400,200,200,2.0,1.9990004997501232,nan,nan,5000,4694,0.9388,0.9318132107889695,0.9451130539840483,0.003389824774232439,0.00037287650631123714,0.000452353100523465,-0.0005137192790097809,0.0012594722916322552,0.031985169240248926,0.03198619448709021,0.12340094019247069,0.00014901014478854973,0.03166259267506263,nan,0.03166259267506263,0.9898830787089039,0.9727879348595619,1.0090373990444887,0.0,0.0,nan,nan
A,"A|high success, asymmetric, N=400|rho_target=2.00|m=435|N=400","high success, asymmetric, N=400",delta_method,0.8,0.95,0.8,0.95,0.8,435,400,200,200,2.0,1.9990004997501232,nan,nan,5000,4719,0.9438,0.9370689738970595,0.9498496138565078,0.0032570403743275894,0.00037287650631123714,0.000452353100523465,-0.0005137192790097809,0.0012594722916322552,0.031985169240248926,0.03198619448709021,0.12316778632704861,0.0001371190322106976,nan,0.03151811670108439,0.03151811670108439,0.985366255864081,0.9667652349673931,1.0038347792827746,0.0,0.0,nan,nan
B,B|da=0.0000|db=0.0000,target calibration drift,full_fixed_stratum_bootstrap,0.8,0.875,0.875,0.875,0.875,2000,200,100,100,nan,nan,0.0,0.0,3000,2815,0.9383333333333334,0.9291522498435664,0.9463932927738979,0.0043918063439731675,0.0004516845957174276,0.0007227376593290808,-0.0009648551868383498,0.001868224378273205,0.03958195096110387,0.03958597191730216,0.1538276627750959,0.0004768131929263969,0.04022587373262017,nan,0.04022587373262017,1.0161648630644917,0.993363411698094,1.0428826008834273,0.0,0.0,0.0,0.0004516845957174276
B,B|da=0.0000|db=0.0125,target calibration drift,full_fixed_stratum_bootstrap,0.8,0.875,0.875,0.875,0.8625,2000,200,100,100,nan,nan,0.0,0.0125,3000,2822,0.9406666666666667,0.9316358999894891,0.9485703413339235,0.004313269791735303,0.0049553898803008645,0.0007281192953580797,0.003528302284950346,0.006382477475651383,0.04018082696978442,0.03988073626223869,0.15508189678601497,0.00048425208754141055,0.04067018308951442,nan,0.04067018308951442,1.0197951918962747,0.9926260660794509,1.0473124231055335,0.0,0.0,0.0033333333333333327,0.0016220565469675318
B,B|da=0.0000|db=0.0250,target calibration drift,full_fixed_stratum_bootstrap,0.8,0.875,0.875,0.875,0.85,2000,200,100,100,nan,nan,0.0,0.025,3000,2847,0.949,0.940537532941486,0.9563140609031713,0.004016590594023744,0.0066520125899339755,0.0007032003698160652,0.0052737651911792405,0.00803025998868871,0.03907975257169476,0.038515870499423385,0.1545040799207908,0.00047684490874200605,0.04041170389102421,nan,0.04041170389102421,1.0492221353696058,1.0236416779130948,1.0765787121144448,0.0,0.0,0.006666666666666665,-1.4654076732689876e-05
B,B|da=0.0000|db=0.0375,target calibration drift,full_fixed_stratum_bootstrap,0.8,0.875,0.875,0.875,0.8375,2000,200,100,100,nan,nan,0.0,0.0375,3000,2829,0.943,0.9341232140583781,0.9507437259709831,0.00423284774117851,0.011175483810409337,0.0007167917280966397,0.009770597838923697,0.012580369781894977,0.040813585880421666,0.039260299851163916,0.15462072182692388,0.00046771386155958125,0.04056318400324151,nan,0.04056318400324151,1.0331857921874474,1.0060814584848807,1.0616071014847166,0.0,0.0,0.009999999999999997,0.00117548381040934
B,B|da=0.0000|db=0.0500,target calibration drift,full_fixed_stratum_bootstrap,0.8,0.875,0.875,0.875,0.825,2000,200,100,100,nan,nan,0.0,0.05,3000,2819,0.9396666666666667,0.930571041476897,0.9476377575439664,0.004347153176590485,0.015192625017865447,0.0007254320030004738,0.013770804418751765,0.016614445616979126,0.0425328623099167,0.03973354719795149,0.15510643265343435,0.0004652543094244384,0.04075162273847114,nan,0.04075162273847114,1.025622568643258,0.9988202507444504,1.0534303937061413,0.0,0.0,0.01333333333333333,0.0018592916845321158
B,B|da=0.0000|db=0.0625,target calibration drift,full_fixed_stratum_bootstrap,0.8,0.875,0.875,0.875,0.8125,2000,200,100,100,nan,nan,0.0,0.0625,3000,2824,0.9413333333333334,0.9323461784139183,0.9491916911111941,0.004290489050947023,0.019158857377502336,0.0007290471786531099,0.017729951164311704,0.02058776359069297,0.044283853404248286,0.03993155852338071,0.15645387521474163,0.00046738284386474725,0.04117369803246081,nan,0.04117369803246081,1.0311067124603415,1.0060272486985102,1.0553934682070205,0.0,0.0,0.016666666666666663,0.0024921907108356733
B,B|da=0.0000|db=0.0750,target calibration drift,full_fixed_stratum_bootstrap,0.8,0.875,0.875,0.875,0.8,2000,200,100,100,nan,nan,0.0,0.075,3000,2796,0.932,0.9224279180795827,0.9404671566217357,0.004596230339455728,0.019690120081784168,0.0007230007111282146,0.01827306472717602,0.021107175436392317,0.04421954526770374,0.039600379857719956,0.15502865580929398,0.0004674579932515278,0.040844186722082565,nan,0.040844186722082565,1.0314089629652916,1.006032008696928,1.0584263114035866,0.0,0.0,0.019999999999999993,-0.0003098799182158253
B,B|da=0.0000|db=0.0875,target calibration drift,full_fixed_stratum_bootstrap,0.8,0.875,0.875,0.875,0.7875,2000,200,100,100,nan,nan,0.0,0.0875,3000,2768,0.9226666666666666,0.9125583962053913,0.9316938836721332,0.004876914628768511,0.023690862561961623,0.0007139183212388714,0.02229160836443014,0.025090116759493106,0.045714170645019245,0.03910291687587494,0.15537133759569602,0.0004693440126174563,0.04097588342290065,nan,0.04097588342290065,1.047898384485513,1.0260991205708134,1.071384843705142,0.0,0.0,0.023333333333333327,0.00035752922862829564
B,B|da=0.0000|db=0.1000,target calibration drift,full_fixed_stratum_bootstrap,0.8,0.875,0.875,0.875,0.775,2000,200,100,100,nan,nan,0.0,0.1,3000,2671,0.8903333333333333,0.8786486374896458,0.9010196746054497,0.005704965348679134,0.028795032961260625,0.0007581455786710464,0.027309094932027097,0.030280970990494153,0.050526560281667646,0.04152534353109397,0.1562825521997886,0.0004582116007900755,0.04150025893128268,nan,0.04150025893128268,0.999395920715442,0.9749318947316613,1.0284945101667304,0.0,0.0,0.02666666666666666,0.0021283662945939634
B,B|da=0.0125|db=0.0000,target calibration drift,full_fixed_stratum_bootstrap,0.8,0.875,0.875,0.8625,0.875,2000,200,100,100,nan,nan,0.0125,0.0,3000,2742,0.914,0.9034304901194703,0.9235106231359598,0.005118723799281743,-0.012248546617956158,0.000723419619134204,-0.01366642301716888,-0.010830670218743435,0.04146699162408249,0.03962332439415994,0.15376426709622673,0.0004861758138478228,0.04016377569641013,nan,0.04016377569641013,1.013639726361018,0.9854901260551078,1.041004688771975,0.0,0.0,-0.013333333333333336,0.0010847867153771784
B,B|da=0.0125|db=0.0125,target calibration drift,full_fixed_stratum_bootstrap,0.8,0.875,0.875,0.8625,0.8625,2000,200,100,100,nan,nan,0.0125,0.0125,3000,2768,0.9226666666666666,0.9125583962053913,0.9316938836721332,0.004876914628768511,-0.009507291240808957,0.0007055089211277388,-0.010890063316991034,-0.00812451916462688,0.039788432455579975,0.03864231506227957,0.15336369263534175,0.00047007663522993066,0.04002671771424787,nan,0.04002671771424787,1.0358260795125,1.0073867286650202,1.0633287611207147,0.0,0.0,-0.010000000000000004,0.0004927087591910465
B,B|da=0.0125|db=0.0250,target calibration drift,full_fixed_stratum_bootstrap,0.8,0.875,0.875,0.8625,0.85,2000,200,100,100,nan,nan,0.0125,0.025,3000,2794,0.9313333333333333,0.9217214451641721,0.9398420013354468,0.004617053734275266,-0.005341770356733111,0.000707574903951152,-0.006728591684841757,-0.003954949028624465,0.039115477530049625,0.03875547360185973,0.15433938176503825,0.00047771720091131147,0.04030535106929871,nan,0.04030535106929871,1.0399911889443303,1.0141916801532773,1.0669821450949855,0.0,0.0,-0.0066666666666666706,0.0013248963099335596
B,B|da=0.0125|db=0.0375,target calibration drift,full_fixed_stratum_bootstrap,0.8,0.875,0.875,0.8625,0.8375,2000,200,100,100,nan,nan,0.0125,0.0375,3000,2821,0.9403333333333334,0.9312808731848399,0.9482595540377232,0.004324602315263818,-0.0013568921222962826,0.0007090608566273351,-0.0027466258641329786,3.2841619540413146e-05,0.03885408967066941,0.03883686258187279,0.15491197484258853,0.00048248515562472226,0.0404554744846459,nan,0.0404554744846459,1.0416772054993082,1.016109746586104,1.0681670999293913,0.0,0.0,-0.0033333333333333388,0.001976441211037056
B,B|da=0.0125|db=0.0500,target calibration drift,full_fixed_stratum_bootstrap,0.8,0.875,0.875,0.8625,0.825,2000,200,100,100,nan,nan,0.0125,0.05,3000,2831,0.9436666666666667,0.9348345772784211,0.9513639909526396,0.004209508636760705,0.0004779570454049864,0.0007108105259092958,-0.0009152059852092084,0.0018711200760191812,0.03892914078892389,0.03893269591526317,0.15422099206636533,0.0004797726992615189,0.04029685015445727,nan,0.04029685015445727,1.0350387818547984,1.0086770412480879,1.0626261717136642,0.0,0.0,-4.625929269271485e-18,0.000477957045404991
B,B|da=0.0125|db=0.0625,target calibration drift,full_fixed_stratum_bootstrap,0.8,0.875,0.875,0.8625,0.8125,2000,200,100,100,nan,nan,0.0125,0.0625,3000,2824,0.9413333333333334,0.9323461784139183,0.9491916911111941,0.004290489050947023,0.004713048829078859,0.0007366882690248153,0.0032691663539570663,0.006156931304200651,0.04061771703106785,0.04035007827943257,0.15480056920143206,0.00048295881450431585,0.04058760795227116,nan,0.04058760795227116,1.0058867214877167,0.9809181111439963,1.0308046443619314,0.0,0.0,0.003333333333333327,0.0013797154957455315
B,B|da=0.0125|db=0.0750,target calibration drift,full_fixed_stratum_bootstrap,0.8,0.875,0.875,0.8625,0.8,2000,200,100,100,nan,nan,0.0125,0.075,3000,2843,0.9476666666666667,0.9391097032999797,0.9550786341412786,0.004065897012778179,0.009428795943402735,0.000717740089167746,0.008022051218373386,0.010835540668432083,0.04042078115155991,0.03931224372629438,0.15580883047781832,0.0004846726278630283,0.0409005887387464,nan,0.0409005887387464,1.0404033161655852,1.015173116627497,1.0666300843075065,0.0,0.0,0.006666666666666658,0.002762129276736076
B,B|da=0.0125|db=0.0875,target calibration drift,full_fixed_stratum_bootstrap,0.8,0.875,0.875,0.8625,0.7875,2000,200,100,100,nan,nan,0.0125,0.0875,3000,2834,0.9446666666666667,0.9359022265984466,0.9522937839351636,0.004174188765718658,0.010416776710275633,0.0007274871177958245,0.00899092816017897,0.011842625260372296,0.04117878724782712,0.039846110471119106,0.15493192691885332,0.00048261772302340977,0.04063890017882785,nan,0.04063890017882785,1.0198962884541356,0.9932816469335706,1.0468528385504519,0.0,0.0,0.00999999999999999,0.00041677671027564277
B,B|da=0.0125|db=0.1000,target calibration drift,full_fixed_stratum_bootstrap,0.8,0.875,0.875,0.8625,0.775,2000,200,100,100,nan,nan,0.0125,0.1,3000,2819,0.9396666666666667,0.930571041476897,0.9476377575439664,0.004347153176590485,0.013447250970248348,0.0007165137127138916,0.012042909898900042,0.014851592041596653,0.041478800227073516,0.03924507232151746,0.15475241935602446,0.00046445055954939297,0.040614879749034584,nan,0.040614879749034584,1.0349039343409767,1.0122304033672886,1.058288959591306,0.0,0.0,0.013333333333333327,0.00011391763691502056
B,B|da=0.0250|db=0.0000,target calibration drift,full_fixed_stratum_bootstrap,0.8,0.875,0.875,0.85,0.875,2000,200,100,100,nan,nan,0.025,0.0,3000,2615,0.8716666666666667,0.8592212773903121,0.8831614450571956,0.006106387062982738,-0.025611487774166553,0.0007207253043496937,-0.02702408341343862,-0.024198892134894484,0.04705065094163766,0.03947575069571035,0.1527802394217366,0.0004821826625912273,0.03978984481256688,nan,0.03978984481256688,1.007956634422931,0.9795032009011526,1.0336959004666546,0.0,0.0,-0.026666666666666672,0.0010551788925001193
B,B|da=0.0250|db=0.0125,target calibration drift,full_fixed_stratum_bootstrap,0.8,0.875,0.875,0.85,0.8625,2000,200,100,100,nan,nan,0.025,0.0125,3000,2631,0.877,0.8647627416918648,0.8882730063692394,0.005996415596003999,-0.02207025073150215,0.0007226241856333041,-0.02348656810970101,-0.02065393335330329,0.045311487755582434,0.03957975670701613,0.15262041551170105,0.0004820213128826754,0.03981930877714423,nan,0.03981930877714423,1.006052388646584,0.9802014082535538,1.0331637305507309,0.0,0.0,-0.02333333333333334,0.0012630826018311912
B,B|da=0.0250|db=0.0250,target calibration drift,full_fixed_stratum_bootstrap,0.8,0.875,0.875,0.85,0.85,2000,200,100,100,nan,nan,0.025,0.025,3000,2671,0.8903333333333333,0.8786486374896458,0.9010196746054497,0.005704965348679134,-0.019229048821366557,0.0007230739243742076,-0.020646247671300043,-0.01781184997143307,0.04401978172372213,0.03960438991235381,0.15290999076356596,0.0004819949345585331,0.039849625624406824,nan,0.039849625624406824,1.0061921345738625,0.9831482016229071,1.0322503378152441,0.0,0.0,-0.020000000000000007,0.0007709511786334507
B,B|da=0.0250|db=0.0375,target calibration drift,full_fixed_stratum_bootstrap,0.8,0.875,0.875,0.85,0.8375,2000,200,100,100,nan,nan,0.025,0.0375,3000,2724,0.908,0.8971292127936218,0.9178272466465124,0.0052768677578022855,-0.01554945977365485,0.0007108868308914908,-0.016942772359285988,-0.014156147188023712,0.041920884987927155,0.03893687531126299,0.15307158747619243,0.00048026487977420915,0.03990652156734725,nan,0.03990652156734725,1.0249030321085826,1.0004824904911918,1.0514238614867655,0.0,0.0,-0.016666666666666673,0.0011172068930118233
B,B|da=0.0250|db=0.0500,target calibration drift,full_fixed_stratum_bootstrap,0.8,0.875,0.875,0.85,0.825,2000,200,100,100,nan,nan,0.025,0.05,3000,2763,0.921,0.9108004647994692,0.9301227445738065,0.004924733495327436,-0.011879745180681689,0.0007205146858193448,-0.013291928015219797,-0.01046756234614358,0.041207201331678614,0.03946421464370028,0.1536829368139443,0.0004762969588712724,0.040139065531283324,nan,0.040139065531283324,1.0171003247796995,0.98842312742261,1.0443556735200152,0.0,0.0,-0.013333333333333341,0.0014535881526516522
B,B|da=0.0250|db=0.0625,target calibration drift,full_fixed_stratum_bootstrap,0.8,0.875,0.875,0.85,0.8125,2000,200,100,100,nan,nan,0.025,0.0625,3000,2758,0.9193333333333333,0.9090437914182697,0.9285503474507569,0.004971906259358864,-0.009857147666948451,0.0007242115253174443,-0.01127657617375946,-0.008437719160137443,0.040866684206116874,0.0396666988821588,0.15338422808852253,0.0004835436456800024,0.04011618184110682,nan,0.04011618184110682,1.0113314939638243,0.9851585201746207,1.0371204829072544,0.0,0.0,-0.010000000000000009,0.00014285233305155742
B,B|da=0.0250|db=0.0750,target calibration drift,full_fixed_stratum_bootstrap,0.8,0.875,0.875,0.85,0.8,2000,200,100,100,nan,nan,0.025,0.075,3000,2797,0.9323333333333333,0.9227812470779633,0.9407796417242049,0.0045857710688930265,-0.006129865611497531,0.0007193870761888205,-0.007539838371771191,-0.004719892851223872,0.03986992639587051,0.03940245292063046,0.153368794167601,0.000472617355264159,0.04006348836234365,nan,0.04006348836234365,1.0167765048294006,0.9929801322718818,1.0452371066433577,0.0,0.0,-0.0066666666666666775,0.0005368010551691461
B,B|da=0.0250|db=0.0875,target calibration drift,full_fixed_stratum_bootstrap,0.8,0.875,0.875,0.85,0.7875,2000,200,100,100,nan,nan,0.025,0.0875,3000,2813,0.9376666666666666,0.9284432811473522,0.9457706332684124,0.004413913187822075,-0.002759640637544525,0.0007144149127964422,-0.004159868136643875,-0.0013594131384451747,0.03922080099460751,0.039130116315669754,0.15369392318550687,0.0004840738548230505,0.04014208623221313,nan,0.04014208623221313,1.0258616639005014,0.9994363122593475,1.055472177203226,0.0,0.0,-0.0033333333333333457,0.0005736926957888209
B,B|da=0.0250|db=0.1000,target calibration drift,full_fixed_stratum_bootstrap,0.8,0.875,0.875,0.85,0.775,2000,200,100,100,nan,nan,0.025,0.1,3000,2813,0.9376666666666666,0.9284432811473522,0.9457706332684124,0.004413913187822075,-1.9337388146301038e-07,0.0007246779042070673,-0.001420535966519282,0.001420149218756356,0.03968562758115826,0.039692243505977866,0.15388033669350815,0.00047834614370891813,0.040249907634687325,nan,0.040249907634687325,1.0140497003810196,0.9883503628392674,1.035873241821742,0.0,0.0,-9.25185853854297e-18,-1.9337388145375853e-07
B,B|da=0.0375|db=0.0000,target calibration drift,full_fixed_stratum_bootstrap,0.8,0.875,0.875,0.8375,0.875,2000,200,100,100,nan,nan,0.0375,0.0,3000,2421,0.807,0.792488749465073,0.8207260374175771,0.007205345238085403,-0.038694884421287656,0.0006891504424461285,-0.04004559446841191,-0.0373441743741634,0.05405186536111008,0.03774632428424103,0.1514692775032359,0.00047015682903932954,0.03931811798949345,nan,0.03931811798949345,1.0416409739241455,1.0159392649642414,1.0661338148559036,0.0,0.0,-0.04,0.0013051155787123445
B,B|da=0.0375|db=0.0125,target calibration drift,full_fixed_stratum_bootstrap,0.8,0.875,0.875,0.8375,0.8625,2000,200,100,100,nan,nan,0.0375,0.0125,3000,2487,0.829,0.8151083516122147,0.8420501659265208,0.00687408175686033,-0.03454902708013485,0.0007145605374118631,-0.03594953999823569,-0.033148514162034015,0.052200718005610394,0.03913809250434916,0.15285423998467218,0.0004795253679476386,0.039738799980053155,nan,0.039738799980053155,1.015348409625156,0.988636520600015,1.0407288479807397,0.0,0.0,-0.03666666666666667,0.0021176395865318137
B,B|da=0.0375|db=0.0250,target calibration drift,full_fixed_stratum_bootstrap,0.8,0.875,0.875,0.8375,0.85,2000,200,100,100,nan,nan,0.0375,0.025,3000,2489,0.8296666666666667,0.8157949984801642,0.8426951472602708,0.006863426959590204,-0.03172789058010983,0.0007009019954582127,-0.033101633247900185,-0.030354147912319475,0.04979918271184877,0.03838998335128466,0.15192487769561316,0.00048062748830699495,0.03952551615857497,nan,0.03952551615857497,1.0295788825147358,1.0060874234333181,1.0551270781628836,0.0,0.0,-0.03333333333333333,0.001605442753223503
B,B|da=0.0375|db=0.0375,target calibration drift,full_fixed_stratum_bootstrap,0.8,0.875,0.875,0.8375,0.8375,2000,200,100,100,nan,nan,0.0375,0.0375,3000,2563,0.8543333333333333,0.8412565913606982,0.8665037978426207,0.006440701020046626,-0.02941055855669772,0.0007012444196507076,-0.030784972363572798,-0.02803614474982264,0.04837065659213887,0.03840873869673116,0.15264810871930673,0.0004698171485043249,0.039653449063367846,nan,0.039653449063367846,1.0324069576057864,1.0093585583884765,1.0609510047064064,0.0,0.0,-0.03,0.0005894414433022799
B,B|da=0.0375|db=0.0500,target calibration drift,full_fixed_stratum_bootstrap,0.8,0.875,0.875,0.8375,0.825,2000,200,100,100,nan,nan,0.0375,0.05,3000,2623,0.8743333333333333,0.8619911398889296,0.8857180953653764,0.0060518469785555435,-0.025597537360787737,0.0007078837192861902,-0.026984963955830932,-0.02421011076574454,0.0464546111776672,0.038772388114370115,0.15272676143801797,0.00047508045217987483,0.039759627739994925,nan,0.039759627739994925,1.0254624405056678,1.0030323676651693,1.0502160491252737,0.0,0.0,-0.02666666666666667,0.0010691293058789318
B,B|da=0.0375|db=0.0625,target calibration drift,full_fixed_stratum_bootstrap,0.8,0.875,0.875,0.8375,0.8125,2000,200,100,100,nan,nan,0.0375,0.0625,3000,2640,0.88,0.8678829332822373,0.891145141686515,0.00593295878967653,-0.022217220393811687,0.0007096073948076669,-0.02360802533079801,-0.020826415456825367,0.04476303501405606,0.03886679771086335,0.15269685801246594,0.0004798754655332271,0.03974863081985891,nan,0.03974863081985891,1.0226885969756414,0.9992194497472638,1.046311641544976,0.0,0.0,-0.023333333333333334,0.001116112939521647
B,B|da=0.0375|db=0.0750,target calibration drift,full_fixed_stratum_bootstrap,0.8,0.875,0.875,0.8375,0.8,2000,200,100,100,nan,nan,0.0375,0.075,3000,2701,0.9003333333333333,0.8890967544758498,0.9105459806447392,0.005469101761173774,-0.017772530772078965,0.0007153952554997845,-0.01917467970756937,-0.01637038183658856,0.043020020623515606,0.039183811896940375,0.15394148564430896,0.0004818775720604844,0.040147388852437856,nan,0.040147388852437856,1.0245912000096327,1.0011095552264575,1.0518725910328754,0.0,0.0,-0.020000000000000004,0.002227469227921039
B,B|da=0.0375|db=0.0875,target calibration drift,full_fixed_stratum_bootstrap,0.8,0.875,0.875,0.8375,0.7875,2000,200,100,100,nan,nan,0.0375,0.0875,3000,2758,0.9193333333333333,0.9090437914182697,0.9285503474507569,0.004971906259358864,-0.015054470929836805,0.000690768788573526,-0.01640835287708528,-0.013700588982588332,0.04071418046897227,0.0378349647522237,0.1541068864263596,0.0004689669437111337,0.040100959597748446,nan,0.040100959597748446,1.0598915542901772,1.0332354113443372,1.088250911850277,0.0,0.0,-0.016666666666666673,0.0016121957368298682
B,B|da=0.0375|db=0.1000,target calibration drift,full_fixed_stratum_bootstrap,0.8,0.875,0.875,0.8375,0.775,2000,200,100,100,nan,nan,0.0375,0.1,3000,2779,0.9263333333333333,0.9164304599214784,0.9351457750653936,0.004769342683182833,-0.011513447466985016,0.0007036953848431837,-0.01289266507736471,-0.010134229856605323,0.04021971990615006,0.03854298358908907,0.1542133277078725,0.00047401712088354533,0.040185398399880834,nan,0.040185398399880834,1.0426125498820156,1.0148284797018179,1.0673268479861415,0.0,0.0,-0.013333333333333336,0.0018198858663483197
B,B|da=0.0500|db=0.0000,target calibration drift,full_fixed_stratum_bootstrap,0.8,0.875,0.875,0.825,0.875,2000,200,100,100,nan,nan,0.05,0.0,3000,2115,0.705,0.6884271863122117,0.7210484857104046,0.008326163582346915,-0.052028589228857225,0.0006948472807534223,-0.05339046487388952,-0.05066671358382493,0.06445874273605454,0.038058352968977464,0.15071299526016552,0.00047364137027413656,0.03910932734226591,nan,0.03910932734226591,1.0276148149171123,1.0050041923199695,1.051469393144414,0.0,0.0,-0.053333333333333344,0.0013047441044761188
B,B|da=0.0500|db=0.0125,target calibration drift,full_fixed_stratum_bootstrap,0.8,0.875,0.875,0.825,0.8625,2000,200,100,100,nan,nan,0.05,0.0125,3000,2169,0.723,0.7067086415957372,0.7387209918727674,0.00817049570099636,-0.049135283238190164,0.0007020012680400272,-0.05051118044065007,-0.04775938603573026,0.062387503509166484,0.038450192990275335,0.15047582451622246,0.00045927530862160677,0.039030775736495806,nan,0.039030775736495806,1.0150996055173849,0.9881493151629896,1.0393099764272715,0.0,0.0,-0.05000000000000001,0.0008647167618098459
B,B|da=0.0500|db=0.0250,target calibration drift,full_fixed_stratum_bootstrap,0.8,0.875,0.875,0.825,0.85,2000,200,100,100,nan,nan,0.05,0.025,3000,2265,0.755,0.7392900907822482,0.7700576963678356,0.007852282046216458,-0.0464228761850658,0.0006910921660368452,-0.04777739194049579,-0.04506836042963581,0.059895166506025235,0.03785267686534858,0.15044919291099437,0.0004677728618408272,0.03907852427234685,nan,0.03907852427234685,1.032384695311217,1.0038224001265896,1.0616273516384203,0.0,0.0,-0.04666666666666668,0.00024379048160088485
B,B|da=0.0500|db=0.0375,target calibration drift,full_fixed_stratum_bootstrap,0.8,0.875,0.875,0.825,0.8375,2000,200,100,100,nan,nan,0.05,0.0375,3000,2314,0.7713333333333333,0.7559636405632425,0.7860090375284806,0.007667642449980356,-0.04329655904056051,0.0006936983717055738,-0.044656182865237516,-0.04193693521588351,0.057600026910086845,0.03799542462877463,0.15078809515642813,0.00046636677891013654,0.03916146180548029,nan,0.03916146180548029,1.0306888839405837,1.0037304730993688,1.0575719526844798,0.0,0.0,-0.04333333333333334,3.677429277283012e-05
B,B|da=0.0500|db=0.0500,target calibration drift,full_fixed_stratum_bootstrap,0.8,0.875,0.875,0.825,0.825,2000,200,100,100,nan,nan,0.05,0.05,3000,2401,0.8003333333333333,0.7856486439719637,0.8142498608936906,0.0072983991141639835,-0.038535910600919654,0.0006967114626846618,-0.039901439975397815,-0.03717038122644149,0.054228697067958756,0.03816045841848081,0.15136188544485488,0.00047707115336236683,0.03933911524178222,nan,0.03933911524178222,1.030886862269207,1.0042966788685,1.0602370393767493,0.0,0.0,-0.040000000000000015,0.0014640893990803608
B,B|da=0.0500|db=0.0625,target calibration drift,full_fixed_stratum_bootstrap,0.8,0.875,0.875,0.825,0.8125,2000,200,100,100,nan,nan,0.05,0.0625,3000,2414,0.8046666666666666,0.790093991705615,0.8184600964710863,0.0072382829967293175,-0.03652651776717941,0.0007141407031137897,-0.03792620782517655,-0.035126827709182275,0.05351324448007057,0.039115097232802244,0.15096378337022695,0.0004770204926445657,0.039256874127615984,nan,0.039256874127615984,1.0036246080118356,0.9822396513874069,1.0268784267542035,0.0,0.0,-0.03666666666666668,0.00014014889948726905
B,B|da=0.0500|db=0.0750,target calibration drift,full_fixed_stratum_bootstrap,0.8,0.875,0.875,0.825,0.8,2000,200,100,100,nan,nan,0.05,0.075,3000,2533,0.8443333333333334,0.8309207503522645,0.8568652158255611,0.006619027006933761,-0.0318074759368121,0.0007002133642133702,-0.033179868912163936,-0.030435082961460268,0.049820894140756605,0.03835226546462435,0.15227715324179147,0.000474251185252477,0.03959549687220244,nan,0.03959549687220244,1.0324161139509433,1.008826737122366,1.0586990436905441,0.0,0.0,-0.03333333333333335,0.001525857396521245
B,B|da=0.0500|db=0.0875,target calibration drift,full_fixed_stratum_bootstrap,0.8,0.875,0.875,0.825,0.7875,2000,200,100,100,nan,nan,0.05,0.0875,3000,2551,0.8503333333333334,0.8371199115594129,0.8626507084337088,0.006513231547026804,-0.030240397793735774,0.0007118010133843489,-0.03163550214412821,-0.028845293443343335,0.04933515020759218,0.03898694714856446,0.15153178893966882,0.0004762491745568182,0.03946857023269071,nan,0.03946857023269071,1.0123534444051483,0.9864460637540788,1.0396476863569217,0.0,0.0,-0.030000000000000016,-0.0002403977937357575
B,B|da=0.0500|db=0.1000,target calibration drift,full_fixed_stratum_bootstrap,0.8,0.875,0.875,0.825,0.775,2000,200,100,100,nan,nan,0.05,0.1,3000,2650,0.8833333333333333,0.8713525559240558,0.8943336600531941,0.005861045286623527,-0.024716817127550805,0.0007032296361865337,-0.026095121887337615,-0.023338512367763995,0.045760488203566096,0.038517473484551576,0.15329570944308452,0.0004775158820733887,0.03984962868419701,nan,0.03984962868419701,1.0345857367872202,1.0095969613713354,1.0637399427104692,0.0,0.0,-0.026666666666666682,0.001949849539115877
B,B|da=0.0625|db=0.0000,target calibration drift,full_fixed_stratum_bootstrap,0.8,0.875,0.875,0.8125,0.875,2000,200,100,100,nan,nan,0.0625,0.0,3000,1758,0.586,0.5682756523739116,0.6035043856453322,0.008992663676575478,-0.06729226955018752,0.0006742636584029685,-0.06861380203674156,-0.06597073706363349,0.0767573407099472,0.03693094154132636,0.14871303406643996,0.0004391563452809746,0.03850330016753552,nan,0.03850330016753552,1.0425756441776515,1.0211934758549115,1.0706151684663525,0.0,0.0,-0.06666666666666667,-0.0006256028835208566
B,B|da=0.0625|db=0.0125,target calibration drift,full_fixed_stratum_bootstrap,0.8,0.875,0.875,0.8125,0.8625,2000,200,100,100,nan,nan,0.0625,0.0125,3000,1925,0.6416666666666667,0.6243367582688318,0.6586342345923258,0.008754628405507484,-0.06137225398011259,0.0006945763152982288,-0.06273359854261165,-0.06001090941761352,0.07220373879281783,0.03804351157976606,0.14983865966963822,0.0004499664554025091,0.038864539689706004,nan,0.038864539689706004,1.0215812914172893,0.9971284923976085,1.0518510161523302,0.0,0.0,-0.06333333333333334,0.0019610793532207488
B,B|da=0.0625|db=0.0250,target calibration drift,full_fixed_stratum_bootstrap,0.8,0.875,0.875,0.8125,0.85,2000,200,100,100,nan,nan,0.0625,0.025,3000,1958,0.6526666666666666,0.6354436861524025,0.6694991720367979,0.008692772647222307,-0.058803489442666224,0.0006876979197999674,-0.06015135259771728,-0.05745562628761517,0.06982952619699255,0.03766676634238208,0.14996235031184446,0.00045603800147437176,0.03890038107435987,nan,0.03890038107435987,1.032750746925407,1.0102095880246116,1.0614238191498548,0.0,0.0,-0.060000000000000005,0.0011965105573337811
B,B|da=0.0625|db=0.0375,target calibration drift,full_fixed_stratum_bootstrap,0.8,0.875,0.875,0.8125,0.8375,2000,200,100,100,nan,nan,0.0625,0.0375,3000,2014,0.6713333333333333,0.6543148357199817,0.6879136121168066,0.008576030334385268,-0.05603917305645345,0.0006971060302585489,-0.057405475769165895,-0.054672870343741006,0.06780688322214946,0.03818206977454861,0.14944782738065227,0.00047234154156620116,0.038800488466158814,nan,0.038800488466158814,1.0161965732937408,0.992754012172148,1.0418561072088097,0.0,0.0,-0.05666666666666667,0.00062749361021322
B,B|da=0.0625|db=0.0500,target calibration drift,full_fixed_stratum_bootstrap,0.8,0.875,0.875,0.8125,0.825,2000,200,100,100,nan,nan,0.0625,0.05,3000,2112,0.704,0.6874124595432033,0.7200657701768637,0.008334346605063492,-0.052056013898215237,0.0006921382426665634,-0.05341257992616454,-0.05069944787026593,0.06439344352112948,0.03790997284204614,0.15048238630905075,0.0004589614386340841,0.03904399373862788,nan,0.03904399373862788,1.0299135243727737,1.007665250126449,1.0577763255307817,0.0,0.0,-0.053333333333333344,0.0012773194351181072
B,B|da=0.0625|db=0.0625,target calibration drift,full_fixed_stratum_bootstrap,0.8,0.875,0.875,0.8125,0.8125,2000,200,100,100,nan,nan,0.0625,0.0625,3000,2222,0.7406666666666667,0.724682940004657,0.7560348408088862,0.00800165723575551,-0.04964094964023358,0.0006838245231182724,-0.05098122107729067,-0.04830067820317649,0.06218202473753638,0.03745461166870908,0.1506872798353956,0.0004583779182012864,0.039069981940052775,nan,0.039069981940052775,1.0431287416789115,1.0159179074198605,1.0703403237630735,0.0,0.0,-0.05000000000000001,0.00035905035976643157
B,B|da=0.0625|db=0.0750,target calibration drift,full_fixed_stratum_bootstrap,0.8,0.875,0.875,0.8125,0.8,2000,200,100,100,nan,nan,0.0625,0.075,3000,2249,0.7496666666666667,0.7338522499574546,0.7648425115790328,0.007909204670415258,-0.046162004268769374,0.000704025386514436,-0.04754186867053956,-0.044782139866999186,0.060144743917780775,0.038561058525025,0.1510177103275841,0.0004712681019702822,0.0392176189540977,nan,0.0392176189540977,1.0170265146805193,0.9889901886921486,1.0483791449499122,0.0,0.0,-0.04666666666666667,0.0005046623978972944
B,B|da=0.0625|db=0.0875,target calibration drift,full_fixed_stratum_bootstrap,0.8,0.875,0.875,0.8125,0.7875,2000,200,100,100,nan,nan,0.0625,0.0875,3000,2315,0.7716666666666666,0.7563042437953347,0.7863342483972382,0.007663707158249682,-0.043170631622556965,0.000699337505696607,-0.04454130794676039,-0.04179995529835354,0.05770990558271168,0.038304292717942924,0.15081203768965454,0.00047267155157118936,0.03914345313076922,nan,0.03914345313076922,1.021907738096237,0.9965898177217054,1.0500229469304134,0.0,0.0,-0.04333333333333334,0.00016270171077637646
B,B|da=0.0625|db=0.1000,target calibration drift,full_fixed_stratum_bootstrap,0.8,0.875,0.875,0.8125,0.775,2000,200,100,100,nan,nan,0.0625,0.1,3000,2374,0.7913333333333333,0.7764243057280642,0.8054972184146458,0.007419004625260024,-0.039351233867517155,0.000707413468485285,-0.04073773878792687,-0.03796472894710744,0.05522065391919747,0.038746631417236055,0.15080937795511723,0.00048037534977225896,0.039234284283750795,nan,0.039234284283750795,1.0125856841918344,0.9875548889647406,1.0392762318561024,0.0,0.0,-0.04000000000000001,0.0006487661324828531
B,B|da=0.0750|db=0.0000,target calibration drift,full_fixed_stratum_bootstrap,0.8,0.875,0.875,0.8,0.875,2000,200,100,100,nan,nan,0.075,0.0,3000,1480,0.49333333333333335,0.4754629491730258,0.5112207688099786,0.009127897814859592,-0.0783652789502497,0.0007011073866701251,-0.07973942417741814,-0.07699113372308125,0.08726557222818769,0.038401233091272434,0.1483896848418035,0.0004522831909100136,0.038470115733454914,nan,0.038470115733454914,1.0017937612060206,0.9754185511402452,1.0257820002954816,0.0,0.0,-0.08,0.0016347210497503067
B,B|da=0.0750|db=0.0125,target calibration drift,full_fixed_stratum_bootstrap,0.8,0.875,0.875,0.8,0.8625,2000,200,100,100,nan,nan,0.075,0.0125,3000,1488,0.496,0.47812518961431844,0.5138850411754841,0.009128417168381383,-0.07729236320819233,0.0006942544423730112,-0.07865307691135037,-0.07593164950503428,0.08613707165524233,0.03802588187358687,0.14767510953266952,0.00045187578367137955,0.03829259590502777,nan,0.03829259590502777,1.00701401304321,0.9828420263626856,1.0322837667996168,0.0,0.0,-0.07666666666666666,-0.0006256965415256666
B,B|da=0.0750|db=0.0250,target calibration drift,full_fixed_stratum_bootstrap,0.8,0.875,0.875,0.8,0.85,2000,200,100,100,nan,nan,0.075,0.025,3000,1581,0.527,0.5091110292601323,0.5448199129087002,0.009115389916692172,-0.0732951371208087,0.0007068253227485252,-0.07468048929675672,-0.0719097849448607,0.08288838057385935,0.03871441734852367,0.14834772359144333,0.0004567177471276751,0.03849219102770362,nan,0.03849219102770362,0.9942598562489143,0.9695645045616498,1.0191620656702127,0.0,0.0,-0.07333333333333333,3.819621252462713e-05
B,B|da=0.0750|db=0.0375,target calibration drift,full_fixed_stratum_bootstrap,0.8,0.875,0.875,0.8,0.8375,2000,200,100,100,nan,nan,0.075,0.0375,3000,1670,0.5566666666666666,0.5388287571872031,0.5743596399572598,0.009069893216734305,-0.06951739373887045,0.0006824369615432061,-0.07085494560521408,-0.06817984187252682,0.07892631330221647,0.037378611791249954,0.14884605324005343,0.0004469650218263057,0.03858587144523992,nan,0.03858587144523992,1.0322981404641833,1.0049790927270088,1.0623080215491818,0.0,0.0,-0.06999999999999999,0.0004826062611295451
B,B|da=0.0750|db=0.0500,target calibration drift,full_fixed_stratum_bootstrap,0.8,0.875,0.875,0.8,0.825,2000,200,100,100,nan,nan,0.075,0.05,3000,1778,0.5926666666666667,0.5749770300300239,0.6101192900062158,0.008970560905705003,-0.06546546705083978,0.0006948880157996974,-0.06682742253509569,-0.06410351156658387,0.07572220658655034,0.03806058411935006,0.1494439579890496,0.00045045588990642914,0.03876270727778258,nan,0.03876270727778258,1.0184475140011202,0.9934235180093623,1.0456454498133212,0.0,0.0,-0.06666666666666667,0.0012011996158268895
B,B|da=0.0750|db=0.0625,target calibration drift,full_fixed_stratum_bootstrap,0.8,0.875,0.875,0.8,0.8125,2000,200,100,100,nan,nan,0.075,0.0625,3000,1833,0.611,0.5934231506992702,0.6282929448837073,0.008900917555698027,-0.06304801824437711,0.0006905477303158792,-0.06440146692540212,-0.06169456956335211,0.07351968615213683,0.03782285689280011,0.14899501906832632,0.0004533732794679872,0.038639865327755284,nan,0.038639865327755284,1.021600918123948,0.9975700764889701,1.0470337405505752,0.0,0.0,-0.06333333333333334,0.0002853150889562256
B,B|da=0.0750|db=0.0750,target calibration drift,full_fixed_stratum_bootstrap,0.8,0.875,0.875,0.8,0.8,2000,200,100,100,nan,nan,0.075,0.075,3000,1901,0.6336666666666667,0.6162651585809258,0.6507262958598372,0.008796461830801105,-0.06025698116058009,0.0006910461675748202,-0.06161140676068117,-0.05890255556047901,0.07115518709792226,0.037850157425822414,0.14848245886795536,0.00045608346624836964,0.03848502976998868,nan,0.03848502976998868,1.016773307889418,0.9920617559991253,1.0414828898104913,0.0,0.0,-0.06,-0.00025698116058009424
B,B|da=0.0750|db=0.0875,target calibration drift,full_fixed_stratum_bootstrap,0.8,0.875,0.875,0.8,0.7875,2000,200,100,100,nan,nan,0.075,0.0875,3000,2046,0.682,0.6651117468696827,0.6984227521942988,0.008502470229292191,-0.056118223259367994,0.000681539701523105,-0.057454016528387455,-0.05478242999034853,0.06739643595680804,0.03732946683595426,0.14977853839962035,0.0004567274399464241,0.03883347323169323,nan,0.03883347323169323,1.040290058316353,1.013263521152081,1.0683335829156608,0.0,0.0,-0.05666666666666667,0.0005484434072986766
B,B|da=0.0750|db=0.1000,target calibration drift,full_fixed_stratum_bootstrap,0.8,0.875,0.875,0.8,0.775,2000,200,100,100,nan,nan,0.075,0.1,3000,2080,0.6933333333333334,0.6765944917645867,0.7095776867282872,0.008418674128036676,-0.05329014052702696,0.0006982515340192796,-0.054658688385854595,-0.05192159266819933,0.06558976396105076,0.038244811599494534,0.14930511440819458,0.0004524392278467669,0.03873840249760461,nan,0.03873840249760461,1.0129060878447784,0.9866588977572979,1.034939408062699,0.0,0.0,-0.05333333333333334,4.319280630637329e-05
B,B|da=0.0875|db=0.0000,target calibration drift,full_fixed_stratum_bootstrap,0.8,0.875,0.875,0.7875,0.875,2000,200,100,100,nan,nan,0.0875,0.0,3000,1139,0.37966666666666665,0.36246492195735974,0.39717618763586865,0.008860396697080195,-0.09196575496268167,0.0006854004111111522,-0.09330911508344847,-0.09062239484191487,0.0993305163722935,0.03754092660888926,0.1474134991579213,0.0004389584759924731,0.0381825804952198,nan,0.0381825804952198,1.017092116372498,0.9932076824443415,1.0406527595163704,0.0,0.0,-0.09333333333333332,0.0013675783706516564
B,B|da=0.0875|db=0.0125,target calibration drift,full_fixed_stratum_bootstrap,0.8,0.875,0.875,0.7875,0.8625,2000,200,100,100,nan,nan,0.0875,0.0125,3000,1148,0.38266666666666665,0.3654348701233426,0.40019856637753387,0.008873798301533356,-0.08968734905472842,0.0006723690175195477,-0.09100516811338731,-0.08836952999606952,0.09695157960306568,0.03682716778630425,0.1471900565820872,0.00043775006179387757,0.038113447366492505,nan,0.038113447366492505,1.0349274640844526,1.0082064144272276,1.061236767376684,0.0,0.0,-0.08999999999999998,0.000312650945271567
B,B|da=0.0875|db=0.0250,target calibration drift,full_fixed_stratum_bootstrap,0.8,0.875,0.875,0.7875,0.85,2000,200,100,100,nan,nan,0.0875,0.025,3000,1265,0.4216666666666667,0.4041068584733047,0.43942682782699644,0.009015983749040533,-0.08590618302450037,0.0006832158613405356,-0.08724526150639433,-0.08456710454260641,0.0937003587906025,0.03742127389015331,0.14703384413268017,0.0004406946082122288,0.03807711445176418,nan,0.03807711445176418,1.0175258748148452,0.9912788259323422,1.0444442908567912,0.0,0.0,-0.08666666666666666,0.0007604836421662847
B,B|da=0.0875|db=0.0375,target calibration drift,full_fixed_stratum_bootstrap,0.8,0.875,0.875,0.7875,0.8375,2000,200,100,100,nan,nan,0.0875,0.0375,3000,1381,0.4603333333333333,0.4425598483322413,0.4782082736666345,0.009099936914718247,-0.08274422649657409,0.0006792578289510044,-0.08407554737753493,-0.08141290561561325,0.09072110681584446,0.03720448352784508,0.14842811420974236,0.00044247034397520746,0.038432207906786295,nan,0.038432207906786295,1.0329993662732166,1.0096926214276303,1.0577150043424952,0.0,0.0,-0.08333333333333333,0.0005891068367592373
B,B|da=0.0875|db=0.0500,target calibration drift,full_fixed_stratum_bootstrap,0.8,0.875,0.875,0.7875,0.825,2000,200,100,100,nan,nan,0.0875,0.05,3000,1455,0.485,0.4671467232374174,0.5028916422243424,0.009124600447873502,-0.07895606150318735,0.0006729237933427824,-0.08027496790247927,-0.07763715510389542,0.0871325778145234,0.036857554109578666,0.1481686697835962,0.0004401321911465165,0.03838160491030288,nan,0.03838160491030288,1.0413497541424797,1.0184060382178721,1.0699594880545955,0.0,0.0,-0.08,0.0010439384968126547
B,B|da=0.0875|db=0.0625,target calibration drift,full_fixed_stratum_bootstrap,0.8,0.875,0.875,0.7875,0.8125,2000,200,100,100,nan,nan,0.0875,0.0625,3000,1516,0.5053333333333333,0.48744703150253343,0.5232059941110629,0.009128189954851502,-0.07518053218219611,0.0006916423620688094,-0.07653612630203319,-0.07382493806235904,0.08418278637028821,0.03788281234312424,0.1484141060169627,0.00046009364429281817,0.03850168941781209,nan,0.03850168941781209,1.0163366190736411,0.9950777008220109,1.0430038030734576,0.0,0.0,-0.07666666666666666,0.001486134484470547
B,B|da=0.0875|db=0.0750,target calibration drift,full_fixed_stratum_bootstrap,0.8,0.875,0.875,0.7875,0.8,2000,200,100,100,nan,nan,0.0875,0.075,3000,1608,0.536,0.518119811257782,0.5537881116339946,0.009105016932072852,-0.07293260804373136,0.0006874340336568597,-0.07427995399144591,-0.07158526209601682,0.08207551036941008,0.03765231270306277,0.1485324187165831,0.00044872096301028664,0.038494621146393994,nan,0.038494621146393994,1.0223706960572094,0.9979887535632705,1.0511351191834954,0.0,0.0,-0.07333333333333332,0.0004007252896019581
B,B|da=0.0875|db=0.0875,target calibration drift,full_fixed_stratum_bootstrap,0.8,0.875,0.875,0.7875,0.7875,2000,200,100,100,nan,nan,0.0875,0.0875,3000,1676,0.5586666666666666,0.540834493100519,0.5763487886490427,0.009065653538166681,-0.06945728181480415,0.0006934784523900993,-0.07081647460554331,-0.06809808902406499,0.0791616711327224,0.03798337915178298,0.1487848401198374,0.000449823334622313,0.038571615641426645,nan,0.038571615641426645,1.0154866813532586,0.9910653846719405,1.0447405669441534,0.0,0.0,-0.06999999999999999,0.0005427181851958424
B,B|da=0.0875|db=0.1000,target calibration drift,full_fixed_stratum_bootstrap,0.8,0.875,0.875,0.7875,0.775,2000,200,100,100,nan,nan,0.0875,0.1,3000,1774,0.5913333333333334,0.5736364876740474,0.6087965759587932,0.00897511786779097,-0.06560073339509376,0.00068056012854324,-0.06693460673635246,-0.06426686005383506,0.07544852102973246,0.037275813414174803,0.1485808317240156,0.0004472029588533445,0.038527167379202185,nan,0.038527167379202185,1.0335701316862889,1.0080109472363317,1.0606640894353316,0.0,0.0,-0.06666666666666667,0.001065933271572908
B,B|da=0.1000|db=0.0000,target calibration drift,full_fixed_stratum_bootstrap,0.8,0.875,0.875,0.775,0.875,2000,200,100,100,nan,nan,0.1,0.0,3000,824,0.27466666666666667,0.25899045056826275,0.2909192172572842,0.008149128560545373,-0.10512671971082033,0.0006834181945258625,-0.10646619475847041,-0.10378724466317024,0.11159005969420277,0.037432356135126854,0.1465608798603184,0.00042980319894664077,0.03789373219554601,nan,0.03789373219554601,1.0123255949679908,0.9875008335201956,1.0386413058113884,0.0,0.0,-0.10666666666666669,0.0015399469558463608
B,B|da=0.1000|db=0.0125,target calibration drift,full_fixed_stratum_bootstrap,0.8,0.875,0.875,0.775,0.8625,2000,200,100,100,nan,nan,0.1,0.0125,3000,844,0.2813333333333333,0.2655306216465346,0.29769532819600786,0.008209443523343282,-0.10310757145247074,0.0006653193618179,-0.104411573439851,-0.10180356946509048,0.10935574150725914,0.03644104224126052,0.14626573882592975,0.00042867115836095514,0.03784567258230613,nan,0.03784567258230613,1.0385452845104197,1.0128779500632779,1.0650315932174608,0.0,0.0,-0.10333333333333335,0.00022576188086260995
B,B|da=0.1000|db=0.0250,target calibration drift,full_fixed_stratum_bootstrap,0.8,0.875,0.875,0.775,0.85,2000,200,100,100,nan,nan,0.1,0.025,3000,953,0.31766666666666665,0.30124899783911646,0.3345506889960524,0.008500089324149395,-0.09951040439336722,0.0006959202234583452,-0.10087438296745865,-0.0981464258192758,0.10655867468127125,0.03811712046121715,0.14640137964434957,0.00043642080557653183,0.0379004873798348,nan,0.0379004873798348,0.9943166462009435,0.9718823583177053,1.018785439241945,0.0,0.0,-0.10000000000000002,0.000489595606632795
B,B|da=0.1000|db=0.0375,target calibration drift,full_fixed_stratum_bootstrap,0.8,0.875,0.875,0.775,0.8375,2000,200,100,100,nan,nan,0.1,0.0375,3000,999,0.333,0.31635853939514147,0.35006859607911744,0.008604475579603909,-0.09617093326599979,0.0006780679272936408,-0.09749992198256704,-0.09484194454943254,0.10309081904424003,0.03713930992995,0.14646185163266032,0.0004244113693239908,0.03790213718223749,nan,0.03790213718223749,1.0205396183646462,0.9969018878728794,1.0456390803163267,0.0,0.0,-0.09666666666666669,0.0004957334006669006
B,B|da=0.1000|db=0.0500,target calibration drift,full_fixed_stratum_bootstrap,0.8,0.875,0.875,0.775,0.825,2000,200,100,100,nan,nan,0.1,0.05,3000,1097,0.36566666666666664,0.34861451313190883,0.38306240422562865,0.008793075979723204,-0.09286653045358473,0.0006728526871200989,-0.09418529748724112,-0.09154776341992833,0.09990961897356145,0.036853659461364395,0.14688474302603452,0.0004375715979790911,0.03804495126801383,nan,0.03804495126801383,1.032324925775643,1.0079046482696539,1.061133870136044,0.0,0.0,-0.09333333333333337,0.0004668028797486373
B,B|da=0.1000|db=0.0625,target calibration drift,full_fixed_stratum_bootstrap,0.8,0.875,0.875,0.775,0.8125,2000,200,100,100,nan,nan,0.1,0.0625,3000,1197,0.399,0.3816167872762597,0.4166415401662562,0.008940525711612265,-0.08890646059866392,0.000686244563233876,-0.09025147522718874,-0.0875614459701391,0.09652296413955266,0.037587162724847425,0.1471833558530363,0.00043435493226260156,0.03813577778736175,nan,0.03813577778736175,1.0145958093865823,0.9941897657621903,1.0369476098870718,0.0,0.0,-0.09000000000000002,0.0010935394013361077
B,B|da=0.1000|db=0.0750,target calibration drift,full_fixed_stratum_bootstrap,0.8,0.875,0.875,0.775,0.8,2000,200,100,100,nan,nan,0.1,0.075,3000,1261,0.42033333333333334,0.4027828498796011,0.43808758001730086,0.009012088589263908,-0.0866829595860028,0.0006852621700453902,-0.08802604875925953,-0.08533987041274609,0.09445749638558526,0.037533354833880116,0.14753564825222543,0.00043127865355495755,0.03820084550954499,nan,0.03820084550954499,1.0177839332140475,0.994657887433276,1.0409559254357998,0.0,0.0,-0.08666666666666668,-1.6292919336122202e-05
B,B|da=0.1000|db=0.0875,target calibration drift,full_fixed_stratum_bootstrap,0.8,0.875,0.875,0.775,0.7875,2000,200,100,100,nan,nan,0.1,0.0875,3000,1347,0.449,0.4312778620202516,0.4668525805497317,0.009081097584176339,-0.08267213909780446,0.000679530128333729,-0.08400399367574846,-0.08134028451986047,0.09066148249257332,0.03721939797927638,0.1475150528802306,0.00043446980886725165,0.03819431210404563,nan,0.03819431210404563,1.0261937102075664,1.00196466475213,1.0552816644579375,0.0,0.0,-0.08333333333333337,0.0006611942355289058
B,B|da=0.1000|db=0.1000,target calibration drift,full_fixed_stratum_bootstrap,0.8,0.875,0.875,0.775,0.775,2000,200,100,100,nan,nan,0.1,0.1,3000,1475,0.49166666666666664,0.4737993069040172,0.5095553405747381,0.009127441327403051,-0.07869689797829227,0.0006830434323155066,-0.08003563850550728,-0.07735815745107726,0.08713426532864874,0.03741182956349561,0.14787400561953185,0.00045416420617372757,0.03835308166221602,nan,0.03835308166221602,1.025159210594684,0.999596720910216,1.0523037157306556,0.0,0.0,-0.08000000000000003,0.001303102021707761
